timestamp_utc,strategy,market_id,question,end_date,horas_a_vencimiento,precio_yes_mercado,prob_yes_modelo,edge_bruto,edge_neto,edge_direccional,decision,razon,subtype,apuesta,features
2026-06-29T13:14:40+00:00,PRICE_TARGET_GBM,2682317,"Will Bitcoin reach $65,000 in June?",2026-07-01T04:00:00,38.75,0.0135,0.4529,0.4394,0.4194,0.4194,SKIP,price_target_gbm BTC reach K=65000 spot=60253 (-7.3%vsK) sigma_h=0.0162 T=38.8h p_yes=0.453,BTC#reach,0.50,"{""pct_vs_K"":-7.303,""sigma_h"":0.016229,""T_h"":38.7549,""log_ratio"":-0.075834}"
2026-06-29T13:14:40+00:00,PRICE_TARGET_GBM,2682318,"Will Bitcoin reach $62,500 in June?",2026-07-01T04:00:00,38.75,0.2050,0.7171,0.5121,0.4921,0.4921,BUY_YES,price_target_gbm BTC reach K=62500 spot=60253 (-3.6%vsK) sigma_h=0.0162 T=38.8h p_yes=0.717,BTC#reach,0.50,"{""pct_vs_K"":-3.5951,""sigma_h"":0.016229,""T_h"":38.7549,""log_ratio"":-0.036613}"
2026-06-29T13:14:40+00:00,PRICE_TARGET_GBM,2640115,"Will the price of Bitcoin be above $58,000 on June 29?",2026-06-29T16:00:00,2.75,0.9730,0.9500,-0.0230,-0.0030,-0.0030,SKIP,price_target_gbm BTC atexpiry K=58000 spot=60253 (+3.9%vsK) sigma_h=0.0108 T=2.8h p_yes=0.984,BTC#atexpiry,0.50,"{""pct_vs_K"":3.8846,""sigma_h"":0.010763,""T_h"":2.7549,""log_ratio"":0.038111}"
2026-06-29T13:14:40+00:00,PRICE_TARGET_GBM,2640121,"Will the price of Bitcoin be above $60,000 on June 29?",2026-06-29T16:00:00,2.75,0.6050,0.5931,-0.0119,0.0081,0.0081,SKIP,price_target_gbm BTC atexpiry K=60000 spot=60253 (+0.4%vsK) sigma_h=0.0108 T=2.8h p_yes=0.593,BTC#atexpiry,0.50,"{""pct_vs_K"":0.4218,""sigma_h"":0.010763,""T_h"":2.7549,""log_ratio"":0.004209}"
2026-06-29T13:14:40+00:00,PRICE_TARGET_GBM,2640125,"Will the price of Bitcoin be above $62,000 on June 29?",2026-06-29T16:00:00,2.75,0.0145,0.0548,0.0403,0.0203,0.0203,SKIP,price_target_gbm BTC atexpiry K=62000 spot=60253 (-2.8%vsK) sigma_h=0.0108 T=2.8h p_yes=0.055,BTC#atexpiry,0.50,"{""pct_vs_K"":-2.8176,""sigma_h"":0.010763,""T_h"":2.7549,""log_ratio"":-0.028581}"
2026-06-29T13:14:40+00:00,PRICE_TARGET_GBM,2652516,"Will the price of Bitcoin be above $56,000 on June 30?",2026-06-30T16:00:00,26.75,0.9725,0.7693,-0.2032,-0.1832,-0.1832,SKIP,price_target_gbm BTC atexpiry K=56000 spot=60253 (+7.6%vsK) sigma_h=0.0192 T=26.8h p_yes=0.769,BTC#atexpiry,0.50,"{""pct_vs_K"":7.5948,""sigma_h"":0.019211,""T_h"":26.7549,""log_ratio"":0.073202}"
2026-06-29T13:14:40+00:00,PRICE_TARGET_GBM,2652518,"Will the price of Bitcoin be above $58,000 on June 30?",2026-06-30T16:00:00,26.75,0.8850,0.6493,-0.2357,-0.2157,0.2157,BUY_NO,price_target_gbm BTC atexpiry K=58000 spot=60253 (+3.9%vsK) sigma_h=0.0192 T=26.8h p_yes=0.649,BTC#atexpiry,0.58,"{""pct_vs_K"":3.8846,""sigma_h"":0.019211,""T_h"":26.7549,""log_ratio"":0.038111}"
2026-06-29T13:14:40+00:00,PRICE_TARGET_GBM,2652529,"Will the price of Bitcoin be above $62,000 on June 30?",2026-06-30T16:00:00,26.75,0.1300,0.3868,0.2568,0.2368,0.2368,BUY_YES,price_target_gbm BTC atexpiry K=62000 spot=60253 (-2.8%vsK) sigma_h=0.0192 T=26.8h p_yes=0.387,BTC#atexpiry,0.50,"{""pct_vs_K"":-2.8176,""sigma_h"":0.019211,""T_h"":26.7549,""log_ratio"":-0.028581}"
2026-06-29T13:14:40+00:00,PRICE_TARGET_GBM,2652533,"Will the price of Bitcoin be above $64,000 on June 30?",2026-06-30T16:00:00,26.75,0.0195,0.2719,0.2524,0.2324,0.2324,SKIP,price_target_gbm BTC atexpiry K=64000 spot=60253 (-5.9%vsK) sigma_h=0.0192 T=26.8h p_yes=0.272,BTC#atexpiry,0.50,"{""pct_vs_K"":-5.8546,""sigma_h"":0.019211,""T_h"":26.7549,""log_ratio"":-0.060329}"
2026-06-29T13:14:40+00:00,PRICE_TARGET_GBM,2652522,"Will the price of Bitcoin be above $60,000 on June 30?",2026-06-30T16:00:00,26.75,0.5550,0.5169,-0.0381,-0.0181,-0.0181,SKIP,price_target_gbm BTC atexpiry K=60000 spot=60253 (+0.4%vsK) sigma_h=0.0192 T=26.8h p_yes=0.517,BTC#atexpiry,0.50,"{""pct_vs_K"":0.4218,""sigma_h"":0.019211,""T_h"":26.7549,""log_ratio"":0.004209}"
2026-06-29T13:14:40+00:00,PRICE_TARGET_GBM,2668460,"Will the price of Bitcoin be above $52,000 on July 1?",2026-07-01T16:00:00,50.75,0.9880,0.9213,-0.0667,-0.0467,-0.0467,SKIP,price_target_gbm BTC atexpiry K=52000 spot=60253 (+15.9%vsK) sigma_h=0.0146 T=50.8h p_yes=0.921,BTC#atexpiry,0.50,"{""pct_vs_K"":15.8713,""sigma_h"":0.014627,""T_h"":50.7549,""log_ratio"":0.14731}"
2026-06-29T13:14:40+00:00,PRICE_TARGET_GBM,2668468,"Will the price of Bitcoin be above $56,000 on July 1?",2026-07-01T16:00:00,50.75,0.9455,0.7588,-0.1867,-0.1667,-0.1667,SKIP,price_target_gbm BTC atexpiry K=56000 spot=60253 (+7.6%vsK) sigma_h=0.0146 T=50.8h p_yes=0.759,BTC#atexpiry,0.50,"{""pct_vs_K"":7.5948,""sigma_h"":0.014627,""T_h"":50.7549,""log_ratio"":0.073202}"
2026-06-29T13:14:40+00:00,PRICE_TARGET_GBM,2668471,"Will the price of Bitcoin be above $58,000 on July 1?",2026-07-01T16:00:00,50.75,0.8350,0.6427,-0.1923,-0.1723,0.1723,BUY_NO,price_target_gbm BTC atexpiry K=58000 spot=60253 (+3.9%vsK) sigma_h=0.0146 T=50.8h p_yes=0.643,BTC#atexpiry,0.58,"{""pct_vs_K"":3.8846,""sigma_h"":0.014627,""T_h"":50.7549,""log_ratio"":0.038111}"
2026-06-29T13:14:40+00:00,PRICE_TARGET_GBM,2668475,"Will the price of Bitcoin be above $60,000 on July 1?",2026-07-01T16:00:00,50.75,0.5500,0.5161,-0.0339,-0.0139,-0.0139,SKIP,price_target_gbm BTC atexpiry K=60000 spot=60253 (+0.4%vsK) sigma_h=0.0146 T=50.8h p_yes=0.516,BTC#atexpiry,0.50,"{""pct_vs_K"":0.4218,""sigma_h"":0.014627,""T_h"":50.7549,""log_ratio"":0.004209}"
2026-06-29T13:14:40+00:00,PRICE_TARGET_GBM,2668480,"Will the price of Bitcoin be above $62,000 on July 1?",2026-07-01T16:00:00,50.75,0.1950,0.3919,0.1969,0.1769,0.1769,BUY_YES,price_target_gbm BTC atexpiry K=62000 spot=60253 (-2.8%vsK) sigma_h=0.0146 T=50.8h p_yes=0.392,BTC#atexpiry,0.50,"{""pct_vs_K"":-2.8176,""sigma_h"":0.014627,""T_h"":50.7549,""log_ratio"":-0.028581}"
2026-06-29T13:14:40+00:00,PRICE_TARGET_GBM,2668464,"Will the price of Bitcoin be above $54,000 on July 1?",2026-07-01T16:00:00,50.75,0.9795,0.8535,-0.1260,-0.1060,-0.1060,SKIP,price_target_gbm BTC atexpiry K=54000 spot=60253 (+11.6%vsK) sigma_h=0.0146 T=50.8h p_yes=0.853,BTC#atexpiry,0.50,"{""pct_vs_K"":11.5798,""sigma_h"":0.014627,""T_h"":50.7549,""log_ratio"":0.10957}"
2026-06-29T13:14:40+00:00,PRICE_TARGET_GBM,2668484,"Will the price of Bitcoin be above $64,000 on July 1?",2026-07-01T16:00:00,50.75,0.0315,0.2813,0.2498,0.2298,0.2298,SKIP,price_target_gbm BTC atexpiry K=64000 spot=60253 (-5.9%vsK) sigma_h=0.0146 T=50.8h p_yes=0.281,BTC#atexpiry,0.50,"{""pct_vs_K"":-5.8546,""sigma_h"":0.014627,""T_h"":50.7549,""log_ratio"":-0.060329}"
2026-06-29T13:14:40+00:00,PRICE_TARGET_GBM,2682524,"Will the price of Bitcoin be above $54,000 on July 2?",2026-07-02T16:00:00,74.75,0.9675,0.8443,-0.1232,-0.1032,-0.1032,SKIP,price_target_gbm BTC atexpiry K=54000 spot=60253 (+11.6%vsK) sigma_h=0.0125 T=74.8h p_yes=0.844,BTC#atexpiry,0.50,"{""pct_vs_K"":11.5798,""sigma_h"":0.01252,""T_h"":74.7549,""log_ratio"":0.10957}"
2026-06-29T13:14:40+00:00,PRICE_TARGET_GBM,2682519,"Will the price of Bitcoin be above $52,000 on July 2?",2026-07-02T16:00:00,74.75,0.9865,0.9132,-0.0733,-0.0533,-0.0533,SKIP,price_target_gbm BTC atexpiry K=52000 spot=60253 (+15.9%vsK) sigma_h=0.0125 T=74.8h p_yes=0.913,BTC#atexpiry,0.50,"{""pct_vs_K"":15.8713,""sigma_h"":0.01252,""T_h"":74.7549,""log_ratio"":0.14731}"
2026-06-29T13:14:40+00:00,PRICE_TARGET_GBM,2682541,"Will the price of Bitcoin be above $64,000 on July 2?",2026-07-02T16:00:00,74.75,0.0700,0.2887,0.2187,0.1987,0.1987,SKIP,price_target_gbm BTC atexpiry K=64000 spot=60253 (-5.9%vsK) sigma_h=0.0125 T=74.8h p_yes=0.289,BTC#atexpiry,0.50,"{""pct_vs_K"":-5.8546,""sigma_h"":0.01252,""T_h"":74.7549,""log_ratio"":-0.060329}"
2026-06-29T13:14:40+00:00,PRICE_TARGET_GBM,2682533,"Will the price of Bitcoin be above $60,000 on July 2?",2026-07-02T16:00:00,74.75,0.5450,0.5155,-0.0295,-0.0095,-0.0095,SKIP,price_target_gbm BTC atexpiry K=60000 spot=60253 (+0.4%vsK) sigma_h=0.0125 T=74.8h p_yes=0.516,BTC#atexpiry,0.50,"{""pct_vs_K"":0.4218,""sigma_h"":0.01252,""T_h"":74.7549,""log_ratio"":0.004209}"
2026-06-29T13:14:40+00:00,PRICE_TARGET_GBM,2682527,"Will the price of Bitcoin be above $56,000 on July 2?",2026-07-02T16:00:00,74.75,0.9250,0.7505,-0.1745,-0.1545,-0.1545,SKIP,price_target_gbm BTC atexpiry K=56000 spot=60253 (+7.6%vsK) sigma_h=0.0125 T=74.8h p_yes=0.751,BTC#atexpiry,0.50,"{""pct_vs_K"":7.5948,""sigma_h"":0.01252,""T_h"":74.7549,""log_ratio"":0.073202}"
2026-06-29T13:14:40+00:00,PRICE_TARGET_GBM,2682531,"Will the price of Bitcoin be above $58,000 on July 2?",2026-07-02T16:00:00,74.75,0.7950,0.6376,-0.1574,-0.1374,0.1374,BUY_NO,price_target_gbm BTC atexpiry K=58000 spot=60253 (+3.9%vsK) sigma_h=0.0125 T=74.8h p_yes=0.638,BTC#atexpiry,0.58,"{""pct_vs_K"":3.8846,""sigma_h"":0.01252,""T_h"":74.7549,""log_ratio"":0.038111}"
2026-06-29T13:14:40+00:00,PRICE_TARGET_GBM,2682537,"Will the price of Bitcoin be above $62,000 on July 2?",2026-07-02T16:00:00,74.75,0.2450,0.3959,0.1509,0.1309,0.1309,BUY_YES,price_target_gbm BTC atexpiry K=62000 spot=60253 (-2.8%vsK) sigma_h=0.0125 T=74.8h p_yes=0.396,BTC#atexpiry,0.50,"{""pct_vs_K"":-2.8176,""sigma_h"":0.01252,""T_h"":74.7549,""log_ratio"":-0.028581}"
2026-06-29T13:14:40+00:00,PRICE_TARGET_GBM,2682543,"Will the price of Bitcoin be above $66,000 on July 2?",2026-07-02T16:00:00,74.75,0.0155,0.2000,0.1845,0.1645,0.1645,SKIP,price_target_gbm BTC atexpiry K=66000 spot=60253 (-8.7%vsK) sigma_h=0.0125 T=74.8h p_yes=0.200,BTC#atexpiry,0.50,"{""pct_vs_K"":-8.7075,""sigma_h"":0.01252,""T_h"":74.7549,""log_ratio"":-0.091101}"
2026-06-29T13:14:40+00:00,PRICE_TARGET_GBM,2694685,"Will the price of Bitcoin be above $56,000 on July 3?",2026-07-03T16:00:00,98.75,0.8950,0.7335,-0.1615,-0.1415,0.1415,BUY_NO,price_target_gbm BTC atexpiry K=56000 spot=60253 (+7.6%vsK) sigma_h=0.0118 T=98.8h p_yes=0.733,BTC#atexpiry,0.58,"{""pct_vs_K"":7.5948,""sigma_h"":0.011817,""T_h"":98.7549,""log_ratio"":0.073202}"
2026-06-29T13:14:40+00:00,PRICE_TARGET_GBM,2694690,"Will the price of Bitcoin be above $58,000 on July 3?",2026-07-03T16:00:00,98.75,0.7600,0.6272,-0.1328,-0.1128,0.1128,BUY_NO,price_target_gbm BTC atexpiry K=58000 spot=60253 (+3.9%vsK) sigma_h=0.0118 T=98.8h p_yes=0.627,BTC#atexpiry,0.58,"{""pct_vs_K"":3.8846,""sigma_h"":0.011817,""T_h"":98.7549,""log_ratio"":0.038111}"
2026-06-29T13:14:40+00:00,PRICE_TARGET_GBM,2694698,"Will the price of Bitcoin be above $62,000 on July 3?",2026-07-03T16:00:00,98.75,0.2750,0.4039,0.1289,0.1089,0.1089,BUY_YES,price_target_gbm BTC atexpiry K=62000 spot=60253 (-2.8%vsK) sigma_h=0.0118 T=98.8h p_yes=0.404,BTC#atexpiry,0.50,"{""pct_vs_K"":-2.8176,""sigma_h"":0.011817,""T_h"":98.7549,""log_ratio"":-0.028581}"
2026-06-29T13:14:40+00:00,PRICE_TARGET_GBM,2694701,"Will the price of Bitcoin be above $64,000 on July 3?",2026-07-03T16:00:00,98.75,0.0900,0.3037,0.2137,0.1937,0.1937,SKIP,price_target_gbm BTC atexpiry K=64000 spot=60253 (-5.9%vsK) sigma_h=0.0118 T=98.8h p_yes=0.304,BTC#atexpiry,0.50,"{""pct_vs_K"":-5.8546,""sigma_h"":0.011817,""T_h"":98.7549,""log_ratio"":-0.060329}"
2026-06-29T13:14:40+00:00,PRICE_TARGET_GBM,2694703,"Will the price of Bitcoin be above $66,000 on July 3?",2026-07-03T16:00:00,98.75,0.0245,0.2189,0.1944,0.1744,0.1744,SKIP,price_target_gbm BTC atexpiry K=66000 spot=60253 (-8.7%vsK) sigma_h=0.0118 T=98.8h p_yes=0.219,BTC#atexpiry,0.50,"{""pct_vs_K"":-8.7075,""sigma_h"":0.011817,""T_h"":98.7549,""log_ratio"":-0.091101}"
2026-06-29T13:14:40+00:00,PRICE_TARGET_GBM,2694679,"Will the price of Bitcoin be above $52,000 on July 3?",2026-07-03T16:00:00,98.75,0.9845,0.8952,-0.0893,-0.0693,-0.0693,SKIP,price_target_gbm BTC atexpiry K=52000 spot=60253 (+15.9%vsK) sigma_h=0.0118 T=98.8h p_yes=0.895,BTC#atexpiry,0.50,"{""pct_vs_K"":15.8713,""sigma_h"":0.011817,""T_h"":98.7549,""log_ratio"":0.14731}"
2026-06-29T13:14:40+00:00,PRICE_TARGET_GBM,2694683,"Will the price of Bitcoin be above $54,000 on July 3?",2026-07-03T16:00:00,98.75,0.9585,0.8246,-0.1339,-0.1139,-0.1139,SKIP,price_target_gbm BTC atexpiry K=54000 spot=60253 (+11.6%vsK) sigma_h=0.0118 T=98.8h p_yes=0.825,BTC#atexpiry,0.50,"{""pct_vs_K"":11.5798,""sigma_h"":0.011817,""T_h"":98.7549,""log_ratio"":0.10957}"
2026-06-29T13:14:40+00:00,PRICE_TARGET_GBM,2694694,"Will the price of Bitcoin be above $60,000 on July 3?",2026-07-03T16:00:00,98.75,0.5450,0.5143,-0.0307,-0.0107,-0.0107,SKIP,price_target_gbm BTC atexpiry K=60000 spot=60253 (+0.4%vsK) sigma_h=0.0118 T=98.8h p_yes=0.514,BTC#atexpiry,0.50,"{""pct_vs_K"":0.4218,""sigma_h"":0.011817,""T_h"":98.7549,""log_ratio"":0.004209}"
2026-06-29T13:14:40+00:00,UPDOWN_GBM,2709251,"Bitcoin Up or Down - June 29, 9AM ET",2026-06-29T14:00:00,0.75,0.6650,0.6309,-0.0341,-0.0141,-0.0141,SKIP,updown_gbm BTC 60min ref=5.988e+04 spot=6.025e+04 (+0.62%) sigma_h=0.0202 T=0.75h p_up=0.631 mu_h=-0.0004,BTC#60min,1.36,"{""pct_spot_vs_ref"":0.6197,""sigma_h"":0.020235,""T_h"":0.7549,""hora_utc"":13,""drift_15min"":2.2228,""drift_60min"":-0.799,""delta_ratio_macro"":0.2529,""ibs_15"":0.7778}"
2026-06-29T13:14:40+00:00,UPDOWN_GBM,2710314,Bitcoin Up or Down on June 29?,2026-06-29T16:00:00,2.75,0.6650,0.7053,0.0403,0.0203,0.0203,BUY_YES,updown_gbm BTC daily ref=5.948e+04 spot=6.025e+04 (+1.30%) sigma_h=0.0119 T=2.75h p_up=0.705 mu_h=-0.0008,BTC#daily,0.50,"{""pct_spot_vs_ref"":1.2966,""sigma_h"":0.011921,""T_h"":2.7549,""hora_utc"":13,""drift_15min"":2.2228,""drift_60min"":-0.799,""delta_ratio_macro"":0.2529,""ibs_15"":0.7778}"
2026-06-29T13:14:40+00:00,PRICE_TARGET_GBM,2710371,"Will the price of Bitcoin be above $50,000 on July 4?",2026-07-04T16:00:00,122.75,0.9895,0.9340,-0.0555,-0.0355,-0.0355,SKIP,price_target_gbm BTC atexpiry K=50000 spot=60253 (+20.5%vsK) sigma_h=0.0112 T=122.8h p_yes=0.934,BTC#atexpiry,0.50,"{""pct_vs_K"":20.5062,""sigma_h"":0.01118,""T_h"":122.7549,""log_ratio"":0.186531}"
2026-06-29T13:14:40+00:00,PRICE_TARGET_GBM,2710374,"Will the price of Bitcoin be above $52,000 on July 4?",2026-07-04T16:00:00,122.75,0.9825,0.8828,-0.0997,-0.0797,-0.0797,SKIP,price_target_gbm BTC atexpiry K=52000 spot=60253 (+15.9%vsK) sigma_h=0.0112 T=122.8h p_yes=0.883,BTC#atexpiry,0.50,"{""pct_vs_K"":15.8713,""sigma_h"":0.01118,""T_h"":122.7549,""log_ratio"":0.14731}"
2026-06-29T13:14:40+00:00,PRICE_TARGET_GBM,2710377,"Will the price of Bitcoin be above $54,000 on July 4?",2026-07-04T16:00:00,122.75,0.9550,0.8118,-0.1432,-0.1232,-0.1232,SKIP,price_target_gbm BTC atexpiry K=54000 spot=60253 (+11.6%vsK) sigma_h=0.0112 T=122.8h p_yes=0.812,BTC#atexpiry,0.50,"{""pct_vs_K"":11.5798,""sigma_h"":0.01118,""T_h"":122.7549,""log_ratio"":0.10957}"
2026-06-29T13:14:40+00:00,PRICE_TARGET_GBM,2710379,"Will the price of Bitcoin be above $56,000 on July 4?",2026-07-04T16:00:00,122.75,0.8850,0.7227,-0.1623,-0.1423,0.1423,BUY_NO,price_target_gbm BTC atexpiry K=56000 spot=60253 (+7.6%vsK) sigma_h=0.0112 T=122.8h p_yes=0.723,BTC#atexpiry,0.58,"{""pct_vs_K"":7.5948,""sigma_h"":0.01118,""T_h"":122.7549,""log_ratio"":0.073202}"
2026-06-29T13:14:40+00:00,PRICE_TARGET_GBM,2710381,"Will the price of Bitcoin be above $58,000 on July 4?",2026-07-04T16:00:00,122.75,0.7500,0.6208,-0.1292,-0.1092,0.1092,BUY_NO,price_target_gbm BTC atexpiry K=58000 spot=60253 (+3.9%vsK) sigma_h=0.0112 T=122.8h p_yes=0.621,BTC#atexpiry,0.58,"{""pct_vs_K"":3.8846,""sigma_h"":0.01118,""T_h"":122.7549,""log_ratio"":0.038111}"
2026-06-29T13:14:40+00:00,PRICE_TARGET_GBM,2710385,"Will the price of Bitcoin be above $60,000 on July 4?",2026-07-04T16:00:00,122.75,0.5300,0.5136,-0.0164,0.0036,0.0036,SKIP,price_target_gbm BTC atexpiry K=60000 spot=60253 (+0.4%vsK) sigma_h=0.0112 T=122.8h p_yes=0.514,BTC#atexpiry,0.50,"{""pct_vs_K"":0.4218,""sigma_h"":0.01118,""T_h"":122.7549,""log_ratio"":0.004209}"
2026-06-29T13:14:40+00:00,PRICE_TARGET_GBM,2710388,"Will the price of Bitcoin be above $62,000 on July 4?",2026-07-04T16:00:00,122.75,0.2950,0.4088,0.1138,0.0938,0.0938,BUY_YES,price_target_gbm BTC atexpiry K=62000 spot=60253 (-2.8%vsK) sigma_h=0.0112 T=122.8h p_yes=0.409,BTC#atexpiry,0.50,"{""pct_vs_K"":-2.8176,""sigma_h"":0.01118,""T_h"":122.7549,""log_ratio"":-0.028581}"
2026-06-29T13:14:40+00:00,PRICE_TARGET_GBM,2710393,"Will the price of Bitcoin be above $64,000 on July 4?",2026-07-04T16:00:00,122.75,0.1100,0.3131,0.2031,0.1831,0.1831,BUY_YES,price_target_gbm BTC atexpiry K=64000 spot=60253 (-5.9%vsK) sigma_h=0.0112 T=122.8h p_yes=0.313,BTC#atexpiry,0.50,"{""pct_vs_K"":-5.8546,""sigma_h"":0.01118,""T_h"":122.7549,""log_ratio"":-0.060329}"
2026-06-29T13:14:40+00:00,PRICE_TARGET_GBM,2710397,"Will the price of Bitcoin be above $66,000 on July 4?",2026-07-04T16:00:00,122.75,0.0305,0.2310,0.2005,0.1805,0.1805,SKIP,price_target_gbm BTC atexpiry K=66000 spot=60253 (-8.7%vsK) sigma_h=0.0112 T=122.8h p_yes=0.231,BTC#atexpiry,0.50,"{""pct_vs_K"":-8.7075,""sigma_h"":0.01118,""T_h"":122.7549,""log_ratio"":-0.091101}"
2026-06-29T13:14:40+00:00,PRICE_TARGET_GBM,2710400,"Will the price of Bitcoin be above $68,000 on July 4?",2026-07-04T16:00:00,122.75,0.0200,0.1644,0.1444,0.1244,0.1244,SKIP,price_target_gbm BTC atexpiry K=68000 spot=60253 (-11.4%vsK) sigma_h=0.0112 T=122.8h p_yes=0.164,BTC#atexpiry,0.50,"{""pct_vs_K"":-11.3925,""sigma_h"":0.01118,""T_h"":122.7549,""log_ratio"":-0.120954}"
2026-06-29T13:14:40+00:00,PRICE_TARGET_GBM,2710403,"Will the price of Bitcoin be above $70,000 on July 4?",2026-07-04T16:00:00,122.75,0.0105,0.1130,0.1025,0.0825,0.0825,SKIP,price_target_gbm BTC atexpiry K=70000 spot=60253 (-13.9%vsK) sigma_h=0.0112 T=122.8h p_yes=0.113,BTC#atexpiry,0.50,"{""pct_vs_K"":-13.9242,""sigma_h"":0.01118,""T_h"":122.7549,""log_ratio"":-0.149942}"
2026-06-29T13:14:40+00:00,PRICE_TARGET_GBM,2640035,"Will the price of Ethereum be above $1,500 on June 29?",2026-06-29T16:00:00,2.75,0.9835,0.9500,-0.0335,-0.0135,-0.0135,SKIP,price_target_gbm ETH atexpiry K=1500 spot=1585.8 (+5.7%vsK) sigma_h=0.0133 T=2.8h p_yes=0.994,ETH#atexpiry,0.50,"{""pct_vs_K"":5.72,""sigma_h"":0.013259,""T_h"":2.7549,""log_ratio"":0.055624}"
2026-06-29T13:14:40+00:00,PRICE_TARGET_GBM,2640037,"Will the price of Ethereum be above $1,600 on June 29?",2026-06-29T16:00:00,2.75,0.2650,0.3427,0.0777,0.0577,0.0577,BUY_YES,price_target_gbm ETH atexpiry K=1600 spot=1585.8 (-0.9%vsK) sigma_h=0.0133 T=2.8h p_yes=0.343,ETH#atexpiry,0.50,"{""pct_vs_K"":-0.8875,""sigma_h"":0.013259,""T_h"":2.7549,""log_ratio"":-0.008915}"
2026-06-29T13:14:40+00:00,PRICE_TARGET_GBM,2652454,"Will the price of Ethereum be above $1,400 on June 30?",2026-06-30T16:00:00,26.75,0.9850,0.9351,-0.0499,-0.0299,-0.0299,SKIP,price_target_gbm ETH atexpiry K=1400 spot=1585.8 (+13.3%vsK) sigma_h=0.0159 T=26.8h p_yes=0.935,ETH#atexpiry,0.50,"{""pct_vs_K"":13.2714,""sigma_h"":0.015904,""T_h"":26.7549,""log_ratio"":0.124617}"
2026-06-29T13:14:40+00:00,PRICE_TARGET_GBM,2652458,"Will the price of Ethereum be above $1,600 on June 30?",2026-06-30T16:00:00,26.75,0.3850,0.4569,0.0719,0.0519,0.0519,BUY_YES,price_target_gbm ETH atexpiry K=1600 spot=1585.8 (-0.9%vsK) sigma_h=0.0159 T=26.8h p_yes=0.457,ETH#atexpiry,0.50,"{""pct_vs_K"":-0.8875,""sigma_h"":0.015904,""T_h"":26.7549,""log_ratio"":-0.008915}"
2026-06-29T13:14:40+00:00,PRICE_TARGET_GBM,2652460,"Will the price of Ethereum be above $1,700 on June 30?",2026-06-30T16:00:00,26.75,0.0255,0.1990,0.1735,0.1535,0.1535,SKIP,price_target_gbm ETH atexpiry K=1700 spot=1585.8 (-6.7%vsK) sigma_h=0.0159 T=26.8h p_yes=0.199,ETH#atexpiry,0.50,"{""pct_vs_K"":-6.7176,""sigma_h"":0.015904,""T_h"":26.7549,""log_ratio"":-0.069539}"
2026-06-29T13:14:40+00:00,PRICE_TARGET_GBM,2652455,"Will the price of Ethereum be above $1,500 on June 30?",2026-06-30T16:00:00,26.75,0.9300,0.7505,-0.1795,-0.1595,-0.1595,SKIP,price_target_gbm ETH atexpiry K=1500 spot=1585.8 (+5.7%vsK) sigma_h=0.0159 T=26.8h p_yes=0.751,ETH#atexpiry,0.50,"{""pct_vs_K"":5.72,""sigma_h"":0.015904,""T_h"":26.7549,""log_ratio"":0.055624}"
2026-06-29T13:14:40+00:00,PRICE_TARGET_GBM,2668388,"Will the price of Ethereum be above $1,500 on July 1?",2026-07-01T16:00:00,50.75,0.8950,0.7332,-0.1618,-0.1418,0.1418,BUY_NO,price_target_gbm ETH atexpiry K=1500 spot=1585.8 (+5.7%vsK) sigma_h=0.0125 T=50.8h p_yes=0.733,ETH#atexpiry,0.50,"{""pct_vs_K"":5.72,""sigma_h"":0.012543,""T_h"":50.7549,""log_ratio"":0.055624}"
2026-06-29T13:14:40+00:00,PRICE_TARGET_GBM,2668393,"Will the price of Ethereum be above $1,700 on July 1?",2026-07-01T16:00:00,50.75,0.0470,0.2182,0.1712,0.1512,0.1512,SKIP,price_target_gbm ETH atexpiry K=1700 spot=1585.8 (-6.7%vsK) sigma_h=0.0125 T=50.8h p_yes=0.218,ETH#atexpiry,0.50,"{""pct_vs_K"":-6.7176,""sigma_h"":0.012543,""T_h"":50.7549,""log_ratio"":-0.069539}"
2026-06-29T13:14:40+00:00,PRICE_TARGET_GBM,2668396,"Will the price of Ethereum be above $1,800 on July 1?",2026-07-01T16:00:00,50.75,0.0110,0.0781,0.0671,0.0471,0.0471,SKIP,price_target_gbm ETH atexpiry K=1800 spot=1585.8 (-11.9%vsK) sigma_h=0.0125 T=50.8h p_yes=0.078,ETH#atexpiry,0.50,"{""pct_vs_K"":-11.9,""sigma_h"":0.012543,""T_h"":50.7549,""log_ratio"":-0.126698}"
2026-06-29T13:14:40+00:00,PRICE_TARGET_GBM,2668386,"Will the price of Ethereum be above $1,400 on July 1?",2026-07-01T16:00:00,50.75,0.9730,0.9184,-0.0546,-0.0346,-0.0346,SKIP,price_target_gbm ETH atexpiry K=1400 spot=1585.8 (+13.3%vsK) sigma_h=0.0125 T=50.8h p_yes=0.918,ETH#atexpiry,0.50,"{""pct_vs_K"":13.2714,""sigma_h"":0.012543,""T_h"":50.7549,""log_ratio"":0.124617}"
2026-06-29T13:14:40+00:00,PRICE_TARGET_GBM,2668390,"Will the price of Ethereum be above $1,600 on July 1?",2026-07-01T16:00:00,50.75,0.4100,0.4603,0.0503,0.0303,0.0303,BUY_YES,price_target_gbm ETH atexpiry K=1600 spot=1585.8 (-0.9%vsK) sigma_h=0.0125 T=50.8h p_yes=0.460,ETH#atexpiry,0.50,"{""pct_vs_K"":-0.8875,""sigma_h"":0.012543,""T_h"":50.7549,""log_ratio"":-0.008915}"
2026-06-29T13:14:40+00:00,PRICE_TARGET_GBM,2682455,"Will the price of Ethereum be above $1,700 on July 2?",2026-07-02T16:00:00,74.75,0.0750,0.2325,0.1575,0.1375,0.1375,SKIP,price_target_gbm ETH atexpiry K=1700 spot=1585.8 (-6.7%vsK) sigma_h=0.0110 T=74.8h p_yes=0.232,ETH#atexpiry,0.50,"{""pct_vs_K"":-6.7176,""sigma_h"":0.011007,""T_h"":74.7549,""log_ratio"":-0.069539}"
2026-06-29T13:14:40+00:00,PRICE_TARGET_GBM,2682460,"Will the price of Ethereum be above $1,800 on July 2?",2026-07-02T16:00:00,74.75,0.0210,0.0915,0.0705,0.0505,0.0505,SKIP,price_target_gbm ETH atexpiry K=1800 spot=1585.8 (-11.9%vsK) sigma_h=0.0110 T=74.8h p_yes=0.092,ETH#atexpiry,0.50,"{""pct_vs_K"":-11.9,""sigma_h"":0.011007,""T_h"":74.7549,""log_ratio"":-0.126698}"
2026-06-29T13:14:40+00:00,PRICE_TARGET_GBM,2682445,"Will the price of Ethereum be above $1,500 on July 2?",2026-07-02T16:00:00,74.75,0.8450,0.7206,-0.1244,-0.1044,0.1044,BUY_NO,price_target_gbm ETH atexpiry K=1500 spot=1585.8 (+5.7%vsK) sigma_h=0.0110 T=74.8h p_yes=0.721,ETH#atexpiry,0.50,"{""pct_vs_K"":5.72,""sigma_h"":0.011007,""T_h"":74.7549,""log_ratio"":0.055624}"
2026-06-29T13:14:40+00:00,PRICE_TARGET_GBM,2682432,"Will the price of Ethereum be above $1,200 on July 2?",2026-07-02T16:00:00,74.75,0.9885,0.9500,-0.0385,-0.0185,-0.0185,SKIP,price_target_gbm ETH atexpiry K=1200 spot=1585.8 (+32.1%vsK) sigma_h=0.0110 T=74.8h p_yes=0.998,ETH#atexpiry,0.50,"{""pct_vs_K"":32.15,""sigma_h"":0.011007,""T_h"":74.7549,""log_ratio"":0.278767}"
2026-06-29T13:14:40+00:00,PRICE_TARGET_GBM,2682439,"Will the price of Ethereum be above $1,400 on July 2?",2026-07-02T16:00:00,74.75,0.9715,0.9048,-0.0667,-0.0467,-0.0467,SKIP,price_target_gbm ETH atexpiry K=1400 spot=1585.8 (+13.3%vsK) sigma_h=0.0110 T=74.8h p_yes=0.905,ETH#atexpiry,0.50,"{""pct_vs_K"":13.2714,""sigma_h"":0.011007,""T_h"":74.7549,""log_ratio"":0.124617}"
2026-06-29T13:14:40+00:00,PRICE_TARGET_GBM,2682448,"Will the price of Ethereum be above $1,600 on July 2?",2026-07-02T16:00:00,74.75,0.4300,0.4627,0.0327,0.0127,0.0127,SKIP,price_target_gbm ETH atexpiry K=1600 spot=1585.8 (-0.9%vsK) sigma_h=0.0110 T=74.8h p_yes=0.463,ETH#atexpiry,0.50,"{""pct_vs_K"":-0.8875,""sigma_h"":0.011007,""T_h"":74.7549,""log_ratio"":-0.008915}"
2026-06-29T13:14:40+00:00,PRICE_TARGET_GBM,2694599,"Will the price of Ethereum be above $1,300 on July 3?",2026-07-03T16:00:00,98.75,0.9840,0.9500,-0.0340,-0.0140,-0.0140,SKIP,price_target_gbm ETH atexpiry K=1300 spot=1585.8 (+22.0%vsK) sigma_h=0.0110 T=98.8h p_yes=0.965,ETH#atexpiry,0.50,"{""pct_vs_K"":21.9846,""sigma_h"":0.011038,""T_h"":98.7549,""log_ratio"":0.198725}"
2026-06-29T13:14:40+00:00,PRICE_TARGET_GBM,2694605,"Will the price of Ethereum be above $1,400 on July 3?",2026-07-03T16:00:00,98.75,0.9450,0.8720,-0.0730,-0.0530,-0.0530,SKIP,price_target_gbm ETH atexpiry K=1400 spot=1585.8 (+13.3%vsK) sigma_h=0.0110 T=98.8h p_yes=0.872,ETH#atexpiry,0.50,"{""pct_vs_K"":13.2714,""sigma_h"":0.011038,""T_h"":98.7549,""log_ratio"":0.124617}"
2026-06-29T13:14:40+00:00,PRICE_TARGET_GBM,2694620,"Will the price of Ethereum be above $1,800 on July 3?",2026-07-03T16:00:00,98.75,0.0255,0.1240,0.0985,0.0785,0.0785,SKIP,price_target_gbm ETH atexpiry K=1800 spot=1585.8 (-11.9%vsK) sigma_h=0.0110 T=98.8h p_yes=0.124,ETH#atexpiry,0.50,"{""pct_vs_K"":-11.9,""sigma_h"":0.011038,""T_h"":98.7549,""log_ratio"":-0.126698}"
2026-06-29T13:14:40+00:00,PRICE_TARGET_GBM,2694626,"Will the price of Ethereum be above $1,900 on July 3?",2026-07-03T16:00:00,98.75,0.0165,0.0500,0.0335,0.0135,0.0135,SKIP,price_target_gbm ETH atexpiry K=1900 spot=1585.8 (-16.5%vsK) sigma_h=0.0110 T=98.8h p_yes=0.050,ETH#atexpiry,0.50,"{""pct_vs_K"":-16.5368,""sigma_h"":0.011038,""T_h"":98.7549,""log_ratio"":-0.180765}"
2026-06-29T13:14:40+00:00,PRICE_TARGET_GBM,2694635,"Will the price of Ethereum be above $2,100 on July 3?",2026-07-03T16:00:00,98.75,0.0150,0.0500,0.0350,0.0150,0.0150,SKIP,price_target_gbm ETH atexpiry K=2100 spot=1585.8 (-24.5%vsK) sigma_h=0.0110 T=98.8h p_yes=0.005,ETH#atexpiry,0.50,"{""pct_vs_K"":-24.4857,""sigma_h"":0.011038,""T_h"":98.7549,""log_ratio"":-0.280848}"
2026-06-29T13:14:40+00:00,PRICE_TARGET_GBM,2694611,"Will the price of Ethereum be above $1,500 on July 3?",2026-07-03T16:00:00,98.75,0.8200,0.6940,-0.1260,-0.1060,0.1060,BUY_NO,price_target_gbm ETH atexpiry K=1500 spot=1585.8 (+5.7%vsK) sigma_h=0.0110 T=98.8h p_yes=0.694,ETH#atexpiry,0.50,"{""pct_vs_K"":5.72,""sigma_h"":0.011038,""T_h"":98.7549,""log_ratio"":0.055624}"
2026-06-29T13:14:40+00:00,PRICE_TARGET_GBM,2694615,"Will the price of Ethereum be above $1,600 on July 3?",2026-07-03T16:00:00,98.75,0.4400,0.4676,0.0276,0.0076,0.0076,SKIP,price_target_gbm ETH atexpiry K=1600 spot=1585.8 (-0.9%vsK) sigma_h=0.0110 T=98.8h p_yes=0.468,ETH#atexpiry,0.50,"{""pct_vs_K"":-0.8875,""sigma_h"":0.011038,""T_h"":98.7549,""log_ratio"":-0.008915}"
2026-06-29T13:14:40+00:00,PRICE_TARGET_GBM,2694618,"Will the price of Ethereum be above $1,700 on July 3?",2026-07-03T16:00:00,98.75,0.1050,0.2630,0.1580,0.1380,0.1380,BUY_YES,price_target_gbm ETH atexpiry K=1700 spot=1585.8 (-6.7%vsK) sigma_h=0.0110 T=98.8h p_yes=0.263,ETH#atexpiry,0.50,"{""pct_vs_K"":-6.7176,""sigma_h"":0.011038,""T_h"":98.7549,""log_ratio"":-0.069539}"
2026-06-29T13:14:40+00:00,PRICE_TARGET_GBM,2694595,"Will the price of Ethereum be above $1,100 on July 3?",2026-07-03T16:00:00,98.75,0.9850,0.9500,-0.0350,-0.0150,-0.0150,SKIP,price_target_gbm ETH atexpiry K=1100 spot=1585.8 (+44.2%vsK) sigma_h=0.0110 T=98.8h p_yes=1.000,ETH#atexpiry,0.50,"{""pct_vs_K"":44.1636,""sigma_h"":0.011038,""T_h"":98.7549,""log_ratio"":0.365779}"
2026-06-29T13:14:40+00:00,PRICE_TARGET_GBM,2694597,"Will the price of Ethereum be above $1,200 on July 3?",2026-07-03T16:00:00,98.75,0.9870,0.9500,-0.0370,-0.0170,-0.0170,SKIP,price_target_gbm ETH atexpiry K=1200 spot=1585.8 (+32.1%vsK) sigma_h=0.0110 T=98.8h p_yes=0.994,ETH#atexpiry,0.50,"{""pct_vs_K"":32.15,""sigma_h"":0.011038,""T_h"":98.7549,""log_ratio"":0.278767}"
2026-06-29T13:14:40+00:00,PRICE_TARGET_GBM,2694632,"Will the price of Ethereum be above $2,000 on July 3?",2026-07-03T16:00:00,98.75,0.0160,0.0500,0.0340,0.0140,0.0140,SKIP,price_target_gbm ETH atexpiry K=2000 spot=1585.8 (-20.7%vsK) sigma_h=0.0110 T=98.8h p_yes=0.017,ETH#atexpiry,0.50,"{""pct_vs_K"":-20.71,""sigma_h"":0.011038,""T_h"":98.7549,""log_ratio"":-0.232058}"
2026-06-29T13:14:40+00:00,UPDOWN_GBM,2709253,"Ethereum Up or Down - June 29, 9AM ET",2026-06-29T14:00:00,0.75,0.7350,0.6907,-0.0443,-0.0243,0.0243,BUY_NO,updown_gbm ETH 60min ref=1574 spot=1586 (+0.74%) sigma_h=0.0166 T=0.75h p_up=0.691 mu_h=-0.0003,ETH#60min,0.50,"{""pct_spot_vs_ref"":0.7446,""sigma_h"":0.016603,""T_h"":0.7549,""hora_utc"":13,""drift_15min"":2.4981,""drift_60min"":-0.6265,""delta_ratio_macro"":-0.1128,""ibs_15"":0.7622}"
2026-06-29T13:14:40+00:00,PRICE_TARGET_GBM,2710316,"Will the price of Ethereum be above $1,100 on July 4?",2026-07-04T16:00:00,122.75,0.9850,0.9500,-0.0350,-0.0150,-0.0150,SKIP,price_target_gbm ETH atexpiry K=1100 spot=1585.8 (+44.2%vsK) sigma_h=0.0106 T=122.8h p_yes=0.999,ETH#atexpiry,0.50,"{""pct_vs_K"":44.1636,""sigma_h"":0.010575,""T_h"":122.7549,""log_ratio"":0.365779}"
2026-06-29T13:14:40+00:00,PRICE_TARGET_GBM,2710318,"Will the price of Ethereum be above $1,200 on July 4?",2026-07-04T16:00:00,122.75,0.9840,0.9500,-0.0340,-0.0140,-0.0140,SKIP,price_target_gbm ETH atexpiry K=1200 spot=1585.8 (+32.1%vsK) sigma_h=0.0106 T=122.8h p_yes=0.991,ETH#atexpiry,0.50,"{""pct_vs_K"":32.15,""sigma_h"":0.010575,""T_h"":122.7549,""log_ratio"":0.278767}"
2026-06-29T13:14:40+00:00,PRICE_TARGET_GBM,2710320,"Will the price of Ethereum be above $1,300 on July 4?",2026-07-04T16:00:00,122.75,0.9890,0.9500,-0.0390,-0.0190,-0.0190,SKIP,price_target_gbm ETH atexpiry K=1300 spot=1585.8 (+22.0%vsK) sigma_h=0.0106 T=122.8h p_yes=0.955,ETH#atexpiry,0.50,"{""pct_vs_K"":21.9846,""sigma_h"":0.010575,""T_h"":122.7549,""log_ratio"":0.198725}"
2026-06-29T13:14:40+00:00,PRICE_TARGET_GBM,2710322,"Will the price of Ethereum be above $1,400 on July 4?",2026-07-04T16:00:00,122.75,0.9450,0.8562,-0.0888,-0.0688,-0.0688,SKIP,price_target_gbm ETH atexpiry K=1400 spot=1585.8 (+13.3%vsK) sigma_h=0.0106 T=122.8h p_yes=0.856,ETH#atexpiry,0.50,"{""pct_vs_K"":13.2714,""sigma_h"":0.010575,""T_h"":122.7549,""log_ratio"":0.124617}"
2026-06-29T13:14:40+00:00,PRICE_TARGET_GBM,2710325,"Will the price of Ethereum be above $1,500 on July 4?",2026-07-04T16:00:00,122.75,0.8000,0.6825,-0.1175,-0.0975,0.0975,BUY_NO,price_target_gbm ETH atexpiry K=1500 spot=1585.8 (+5.7%vsK) sigma_h=0.0106 T=122.8h p_yes=0.683,ETH#atexpiry,0.50,"{""pct_vs_K"":5.72,""sigma_h"":0.010575,""T_h"":122.7549,""log_ratio"":0.055624}"
2026-06-29T13:14:40+00:00,PRICE_TARGET_GBM,2710332,"Will the price of Ethereum be above $1,700 on July 4?",2026-07-04T16:00:00,122.75,0.1300,0.2764,0.1464,0.1264,0.1264,BUY_YES,price_target_gbm ETH atexpiry K=1700 spot=1585.8 (-6.7%vsK) sigma_h=0.0106 T=122.8h p_yes=0.276,ETH#atexpiry,0.50,"{""pct_vs_K"":-6.7176,""sigma_h"":0.010575,""T_h"":122.7549,""log_ratio"":-0.069539}"
2026-06-29T13:14:40+00:00,PRICE_TARGET_GBM,2710337,"Will the price of Ethereum be above $1,800 on July 4?",2026-07-04T16:00:00,122.75,0.0305,0.1398,0.1093,0.0893,0.0893,SKIP,price_target_gbm ETH atexpiry K=1800 spot=1585.8 (-11.9%vsK) sigma_h=0.0106 T=122.8h p_yes=0.140,ETH#atexpiry,0.50,"{""pct_vs_K"":-11.9,""sigma_h"":0.010575,""T_h"":122.7549,""log_ratio"":-0.126698}"
2026-06-29T13:14:40+00:00,PRICE_TARGET_GBM,2710344,"Will the price of Ethereum be above $2,000 on July 4?",2026-07-04T16:00:00,122.75,0.0160,0.0500,0.0340,0.0140,0.0140,SKIP,price_target_gbm ETH atexpiry K=2000 spot=1585.8 (-20.7%vsK) sigma_h=0.0106 T=122.8h p_yes=0.024,ETH#atexpiry,0.50,"{""pct_vs_K"":-20.71,""sigma_h"":0.010575,""T_h"":122.7549,""log_ratio"":-0.232058}"
2026-06-29T13:14:40+00:00,PRICE_TARGET_GBM,2710328,"Will the price of Ethereum be above $1,600 on July 4?",2026-07-04T16:00:00,122.75,0.4450,0.4697,0.0247,0.0047,0.0047,SKIP,price_target_gbm ETH atexpiry K=1600 spot=1585.8 (-0.9%vsK) sigma_h=0.0106 T=122.8h p_yes=0.470,ETH#atexpiry,0.50,"{""pct_vs_K"":-0.8875,""sigma_h"":0.010575,""T_h"":122.7549,""log_ratio"":-0.008915}"
2026-06-29T13:14:40+00:00,PRICE_TARGET_GBM,2710341,"Will the price of Ethereum be above $1,900 on July 4?",2026-07-04T16:00:00,122.75,0.0180,0.0614,0.0434,0.0234,0.0234,SKIP,price_target_gbm ETH atexpiry K=1900 spot=1585.8 (-16.5%vsK) sigma_h=0.0106 T=122.8h p_yes=0.061,ETH#atexpiry,0.50,"{""pct_vs_K"":-16.5368,""sigma_h"":0.010575,""T_h"":122.7549,""log_ratio"":-0.180765}"
2026-06-29T13:14:40+00:00,UPDOWN_GBM,2710346,Ethereum Up or Down on June 29?,2026-06-29T16:00:00,2.75,0.5450,0.6336,0.0886,0.0686,0.0686,BUY_YES,updown_gbm ETH daily ref=1569 spot=1586 (+1.04%) sigma_h=0.0152 T=2.75h p_up=0.634 mu_h=-0.0006,ETH#daily,0.50,"{""pct_spot_vs_ref"":1.0402,""sigma_h"":0.015215,""T_h"":2.7549,""hora_utc"":13,""drift_15min"":2.4981,""drift_60min"":-0.6265,""delta_ratio_macro"":-0.1128,""ibs_15"":0.7622}"
2026-06-29T13:14:40+00:00,PRICE_TARGET_GBM,2652595,Will the price of Solana be above $60 on June 30?,2026-06-30T16:00:00,26.75,0.9885,0.8887,-0.0998,-0.0798,-0.0798,SKIP,price_target_gbm SOL atexpiry K=60 spot=74.18 (+23.6%vsK) sigma_h=0.0336 T=26.8h p_yes=0.889,SOL#atexpiry,0.50,"{""pct_vs_K"":23.6333,""sigma_h"":0.033628,""T_h"":26.7549,""log_ratio"":0.21215}"
2026-06-29T13:14:40+00:00,PRICE_TARGET_GBM,2652600,Will the price of Solana be above $80 on June 30?,2026-06-30T16:00:00,26.75,0.0375,0.3321,0.2946,0.2746,0.2746,SKIP,price_target_gbm SOL atexpiry K=80 spot=74.18 (-7.3%vsK) sigma_h=0.0336 T=26.8h p_yes=0.332,SOL#atexpiry,0.50,"{""pct_vs_K"":-7.275,""sigma_h"":0.033628,""T_h"":26.7549,""log_ratio"":-0.075532}"
2026-06-29T13:14:40+00:00,PRICE_TARGET_GBM,2668537,Will the price of Solana be above $20 on July 1?,2026-07-01T16:00:00,50.75,0.9835,0.9500,-0.0335,-0.0135,-0.0135,SKIP,price_target_gbm SOL atexpiry K=20 spot=74.18 (+270.9%vsK) sigma_h=0.0284 T=50.8h p_yes=1.000,SOL#atexpiry,0.50,"{""pct_vs_K"":270.9,""sigma_h"":0.028433,""T_h"":50.7549,""log_ratio"":1.310762}"
2026-06-29T13:14:40+00:00,PRICE_TARGET_GBM,2668552,Will the price of Solana be above $80 on July 1?,2026-07-01T16:00:00,50.75,0.0715,0.3546,0.2831,0.2631,0.2631,SKIP,price_target_gbm SOL atexpiry K=80 spot=74.18 (-7.3%vsK) sigma_h=0.0284 T=50.8h p_yes=0.355,SOL#atexpiry,0.50,"{""pct_vs_K"":-7.275,""sigma_h"":0.028433,""T_h"":50.7549,""log_ratio"":-0.075532}"
2026-06-29T13:14:40+00:00,PRICE_TARGET_GBM,2668556,Will the price of Solana be above $90 on July 1?,2026-07-01T16:00:00,50.75,0.0130,0.1700,0.1570,0.1370,0.1370,SKIP,price_target_gbm SOL atexpiry K=90 spot=74.18 (-17.6%vsK) sigma_h=0.0284 T=50.8h p_yes=0.170,SOL#atexpiry,0.50,"{""pct_vs_K"":-17.5778,""sigma_h"":0.028433,""T_h"":50.7549,""log_ratio"":-0.193315}"
2026-06-29T13:14:40+00:00,PRICE_TARGET_GBM,2668559,Will the price of Solana be above $100 on July 1?,2026-07-01T16:00:00,50.75,0.0175,0.0702,0.0527,0.0327,0.0327,SKIP,price_target_gbm SOL atexpiry K=100 spot=74.18 (-25.8%vsK) sigma_h=0.0284 T=50.8h p_yes=0.070,SOL#atexpiry,0.50,"{""pct_vs_K"":-25.82,""sigma_h"":0.028433,""T_h"":50.7549,""log_ratio"":-0.298676}"
2026-06-29T13:14:40+00:00,PRICE_TARGET_GBM,2668543,Will the price of Solana be above $40 on July 1?,2026-07-01T16:00:00,50.75,0.9825,0.9500,-0.0325,-0.0125,-0.0125,SKIP,price_target_gbm SOL atexpiry K=40 spot=74.18 (+85.5%vsK) sigma_h=0.0284 T=50.8h p_yes=0.999,SOL#atexpiry,0.50,"{""pct_vs_K"":85.45,""sigma_h"":0.028433,""T_h"":50.7549,""log_ratio"":0.617615}"
2026-06-29T13:14:40+00:00,PRICE_TARGET_GBM,2668547,Will the price of Solana be above $50 on July 1?,2026-07-01T16:00:00,50.75,0.9840,0.9500,-0.0340,-0.0140,-0.0140,SKIP,price_target_gbm SOL atexpiry K=50 spot=74.18 (+48.4%vsK) sigma_h=0.0284 T=50.8h p_yes=0.974,SOL#atexpiry,0.50,"{""pct_vs_K"":48.36,""sigma_h"":0.028433,""T_h"":50.7549,""log_ratio"":0.394472}"
2026-06-29T13:14:40+00:00,PRICE_TARGET_GBM,2668550,Will the price of Solana be above $60 on July 1?,2026-07-01T16:00:00,50.75,0.9895,0.8525,-0.1370,-0.1170,-0.1170,SKIP,price_target_gbm SOL atexpiry K=60 spot=74.18 (+23.6%vsK) sigma_h=0.0284 T=50.8h p_yes=0.853,SOL#atexpiry,0.50,"{""pct_vs_K"":23.6333,""sigma_h"":0.028433,""T_h"":50.7549,""log_ratio"":0.21215}"
2026-06-29T13:14:40+00:00,PRICE_TARGET_GBM,2668565,Will the price of Solana be above $120 on July 1?,2026-07-01T16:00:00,50.75,0.0175,0.0500,0.0325,0.0125,0.0125,SKIP,price_target_gbm SOL atexpiry K=120 spot=74.18 (-38.2%vsK) sigma_h=0.0284 T=50.8h p_yes=0.009,SOL#atexpiry,0.50,"{""pct_vs_K"":-38.1833,""sigma_h"":0.028433,""T_h"":50.7549,""log_ratio"":-0.480997}"
2026-06-29T13:14:40+00:00,PRICE_TARGET_GBM,2682570,Will the price of Solana be above $20 on July 2?,2026-07-02T16:00:00,74.75,0.9820,0.9500,-0.0320,-0.0120,-0.0120,SKIP,price_target_gbm SOL atexpiry K=20 spot=74.18 (+270.9%vsK) sigma_h=0.0267 T=74.8h p_yes=1.000,SOL#atexpiry,0.50,"{""pct_vs_K"":270.9,""sigma_h"":0.026674,""T_h"":74.7549,""log_ratio"":1.310762}"
2026-06-29T13:14:40+00:00,PRICE_TARGET_GBM,2682575,Will the price of Solana be above $40 on July 2?,2026-07-02T16:00:00,74.75,0.9830,0.9500,-0.0330,-0.0130,-0.0130,SKIP,price_target_gbm SOL atexpiry K=40 spot=74.18 (+85.5%vsK) sigma_h=0.0267 T=74.8h p_yes=0.996,SOL#atexpiry,0.50,"{""pct_vs_K"":85.45,""sigma_h"":0.026674,""T_h"":74.7549,""log_ratio"":0.617615}"
2026-06-29T13:14:40+00:00,PRICE_TARGET_GBM,2682579,Will the price of Solana be above $50 on July 2?,2026-07-02T16:00:00,74.75,0.9835,0.9500,-0.0335,-0.0135,-0.0135,SKIP,price_target_gbm SOL atexpiry K=50 spot=74.18 (+48.4%vsK) sigma_h=0.0267 T=74.8h p_yes=0.956,SOL#atexpiry,0.50,"{""pct_vs_K"":48.36,""sigma_h"":0.026674,""T_h"":74.7549,""log_ratio"":0.394472}"
2026-06-29T13:14:40+00:00,PRICE_TARGET_GBM,2682581,Will the price of Solana be above $60 on July 2?,2026-07-02T16:00:00,74.75,0.9790,0.8212,-0.1578,-0.1378,-0.1378,SKIP,price_target_gbm SOL atexpiry K=60 spot=74.18 (+23.6%vsK) sigma_h=0.0267 T=74.8h p_yes=0.821,SOL#atexpiry,0.50,"{""pct_vs_K"":23.6333,""sigma_h"":0.026674,""T_h"":74.7549,""log_ratio"":0.21215}"
2026-06-29T13:14:40+00:00,PRICE_TARGET_GBM,2682597,Will the price of Solana be above $120 on July 2?,2026-07-02T16:00:00,74.75,0.0180,0.0500,0.0320,0.0120,0.0120,SKIP,price_target_gbm SOL atexpiry K=120 spot=74.18 (-38.2%vsK) sigma_h=0.0267 T=74.8h p_yes=0.019,SOL#atexpiry,0.50,"{""pct_vs_K"":-38.1833,""sigma_h"":0.026674,""T_h"":74.7549,""log_ratio"":-0.480997}"
2026-06-29T13:14:40+00:00,PRICE_TARGET_GBM,2682589,Will the price of Solana be above $90 on July 2?,2026-07-02T16:00:00,74.75,0.0235,0.2010,0.1775,0.1575,0.1575,SKIP,price_target_gbm SOL atexpiry K=90 spot=74.18 (-17.6%vsK) sigma_h=0.0267 T=74.8h p_yes=0.201,SOL#atexpiry,0.50,"{""pct_vs_K"":-17.5778,""sigma_h"":0.026674,""T_h"":74.7549,""log_ratio"":-0.193315}"
2026-06-29T13:14:40+00:00,PRICE_TARGET_GBM,2694766,Will the price of Solana be above $120 on July 3?,2026-07-03T16:00:00,98.75,0.0220,0.0500,0.0280,0.0080,0.0080,SKIP,price_target_gbm SOL atexpiry K=120 spot=74.18 (-38.2%vsK) sigma_h=0.0262 T=98.8h p_yes=0.032,SOL#atexpiry,0.50,"{""pct_vs_K"":-38.1833,""sigma_h"":0.026199,""T_h"":98.7549,""log_ratio"":-0.480997}"
2026-06-29T13:14:40+00:00,PRICE_TARGET_GBM,2694760,Will the price of Solana be above $100 on July 3?,2026-07-03T16:00:00,98.75,0.0220,0.1257,0.1037,0.0837,0.0837,SKIP,price_target_gbm SOL atexpiry K=100 spot=74.18 (-25.8%vsK) sigma_h=0.0262 T=98.8h p_yes=0.126,SOL#atexpiry,0.50,"{""pct_vs_K"":-25.82,""sigma_h"":0.026199,""T_h"":98.7549,""log_ratio"":-0.298676}"
2026-06-29T13:14:40+00:00,PRICE_TARGET_GBM,2694738,Will the price of Solana be above $20 on July 3?,2026-07-03T16:00:00,98.75,0.9820,0.9500,-0.0320,-0.0120,-0.0120,SKIP,price_target_gbm SOL atexpiry K=20 spot=74.18 (+270.9%vsK) sigma_h=0.0262 T=98.8h p_yes=1.000,SOL#atexpiry,0.50,"{""pct_vs_K"":270.9,""sigma_h"":0.026199,""T_h"":98.7549,""log_ratio"":1.310762}"
2026-06-29T13:14:40+00:00,PRICE_TARGET_GBM,2694744,Will the price of Solana be above $40 on July 3?,2026-07-03T16:00:00,98.75,0.9805,0.9500,-0.0305,-0.0105,-0.0105,SKIP,price_target_gbm SOL atexpiry K=40 spot=74.18 (+85.5%vsK) sigma_h=0.0262 T=98.8h p_yes=0.991,SOL#atexpiry,0.50,"{""pct_vs_K"":85.45,""sigma_h"":0.026199,""T_h"":98.7549,""log_ratio"":0.617615}"
2026-06-29T13:14:40+00:00,PRICE_TARGET_GBM,2694746,Will the price of Solana be above $50 on July 3?,2026-07-03T16:00:00,98.75,0.9780,0.9351,-0.0429,-0.0229,-0.0229,SKIP,price_target_gbm SOL atexpiry K=50 spot=74.18 (+48.4%vsK) sigma_h=0.0262 T=98.8h p_yes=0.935,SOL#atexpiry,0.50,"{""pct_vs_K"":48.36,""sigma_h"":0.026199,""T_h"":98.7549,""log_ratio"":0.394472}"
2026-06-29T13:14:40+00:00,PRICE_TARGET_GBM,2694749,Will the price of Solana be above $60 on July 3?,2026-07-03T16:00:00,98.75,0.9600,0.7924,-0.1676,-0.1476,-0.1476,SKIP,price_target_gbm SOL atexpiry K=60 spot=74.18 (+23.6%vsK) sigma_h=0.0262 T=98.8h p_yes=0.792,SOL#atexpiry,0.50,"{""pct_vs_K"":23.6333,""sigma_h"":0.026199,""T_h"":98.7549,""log_ratio"":0.21215}"
2026-06-29T13:14:40+00:00,PRICE_TARGET_GBM,2694755,Will the price of Solana be above $80 on July 3?,2026-07-03T16:00:00,98.75,0.1400,0.3859,0.2459,0.2259,0.2259,BUY_YES,price_target_gbm SOL atexpiry K=80 spot=74.18 (-7.3%vsK) sigma_h=0.0262 T=98.8h p_yes=0.386,SOL#atexpiry,0.50,"{""pct_vs_K"":-7.275,""sigma_h"":0.026199,""T_h"":98.7549,""log_ratio"":-0.075532}"
2026-06-29T13:14:40+00:00,PRICE_TARGET_GBM,2694757,Will the price of Solana be above $90 on July 3?,2026-07-03T16:00:00,98.75,0.0250,0.2289,0.2039,0.1839,0.1839,SKIP,price_target_gbm SOL atexpiry K=90 spot=74.18 (-17.6%vsK) sigma_h=0.0262 T=98.8h p_yes=0.229,SOL#atexpiry,0.50,"{""pct_vs_K"":-17.5778,""sigma_h"":0.026199,""T_h"":98.7549,""log_ratio"":-0.193315}"
2026-06-29T13:14:40+00:00,UPDOWN_GBM,2709257,"Solana Up or Down - June 29, 9AM ET",2026-06-29T14:00:00,0.75,0.6650,0.6509,-0.0141,0.0059,0.0059,SKIP,updown_gbm SOL 60min ref=73.3 spot=74.18 (+1.20%) sigma_h=0.0352 T=0.75h p_up=0.651 mu_h=-0.0001,SOL#60min,0.50,"{""pct_spot_vs_ref"":1.2005,""sigma_h"":0.035206,""T_h"":0.7549,""hora_utc"":13,""drift_15min"":2.3942,""drift_60min"":-0.189,""delta_ratio_macro"":0.1288,""ibs_15"":0.8072}"
2026-06-29T13:14:40+00:00,UPDOWN_GBM,2710369,Solana Up or Down on June 29?,2026-06-29T16:00:00,2.75,0.8950,0.7572,-0.1378,-0.1178,0.1178,BUY_NO,updown_gbm SOL daily ref=71.38 spot=74.18 (+3.92%) sigma_h=0.0328 T=2.75h p_up=0.757 mu_h=-0.0002,SOL#daily,0.50,"{""pct_spot_vs_ref"":3.9227,""sigma_h"":0.032792,""T_h"":2.7549,""hora_utc"":13,""drift_15min"":2.3942,""drift_60min"":-0.189,""delta_ratio_macro"":0.1288,""ibs_15"":0.8072}"
2026-06-29T13:14:40+00:00,PRICE_TARGET_GBM,2710433,Will the price of Solana be above $20 on July 4?,2026-07-04T16:00:00,122.75,0.9820,0.9500,-0.0320,-0.0120,-0.0120,SKIP,price_target_gbm SOL atexpiry K=20 spot=74.18 (+270.9%vsK) sigma_h=0.0260 T=122.8h p_yes=1.000,SOL#atexpiry,0.50,"{""pct_vs_K"":270.9,""sigma_h"":0.025966,""T_h"":122.7549,""log_ratio"":1.310762}"
2026-06-29T13:14:40+00:00,PRICE_TARGET_GBM,2710458,Will the price of Solana be above $100 on July 4?,2026-07-04T16:00:00,122.75,0.0220,0.1496,0.1276,0.1076,0.1076,SKIP,price_target_gbm SOL atexpiry K=100 spot=74.18 (-25.8%vsK) sigma_h=0.0260 T=122.8h p_yes=0.150,SOL#atexpiry,0.50,"{""pct_vs_K"":-25.82,""sigma_h"":0.025966,""T_h"":122.7549,""log_ratio"":-0.298676}"
2026-06-29T13:14:40+00:00,PRICE_TARGET_GBM,2710465,Will the price of Solana be above $120 on July 4?,2026-07-04T16:00:00,122.75,0.0220,0.0500,0.0280,0.0080,0.0080,SKIP,price_target_gbm SOL atexpiry K=120 spot=74.18 (-38.2%vsK) sigma_h=0.0260 T=122.8h p_yes=0.047,SOL#atexpiry,0.50,"{""pct_vs_K"":-38.1833,""sigma_h"":0.025966,""T_h"":122.7549,""log_ratio"":-0.480997}"
2026-06-29T13:14:40+00:00,PRICE_TARGET_GBM,2710439,Will the price of Solana be above $40 on July 4?,2026-07-04T16:00:00,122.75,0.9780,0.9500,-0.0280,-0.0080,-0.0080,SKIP,price_target_gbm SOL atexpiry K=40 spot=74.18 (+85.5%vsK) sigma_h=0.0260 T=122.8h p_yes=0.984,SOL#atexpiry,0.50,"{""pct_vs_K"":85.45,""sigma_h"":0.025966,""T_h"":122.7549,""log_ratio"":0.617615}"
2026-06-29T13:14:40+00:00,PRICE_TARGET_GBM,2710442,Will the price of Solana be above $50 on July 4?,2026-07-04T16:00:00,122.75,0.9780,0.9148,-0.0632,-0.0432,-0.0432,SKIP,price_target_gbm SOL atexpiry K=50 spot=74.18 (+48.4%vsK) sigma_h=0.0260 T=122.8h p_yes=0.915,SOL#atexpiry,0.50,"{""pct_vs_K"":48.36,""sigma_h"":0.025966,""T_h"":122.7549,""log_ratio"":0.394472}"
2026-06-29T13:14:40+00:00,PRICE_TARGET_GBM,2710445,Will the price of Solana be above $60 on July 4?,2026-07-04T16:00:00,122.75,0.9565,0.7696,-0.1869,-0.1669,-0.1669,SKIP,price_target_gbm SOL atexpiry K=60 spot=74.18 (+23.6%vsK) sigma_h=0.0260 T=122.8h p_yes=0.770,SOL#atexpiry,0.50,"{""pct_vs_K"":23.6333,""sigma_h"":0.025966,""T_h"":122.7549,""log_ratio"":0.21215}"
2026-06-29T13:14:40+00:00,PRICE_TARGET_GBM,2710452,Will the price of Solana be above $80 on July 4?,2026-07-04T16:00:00,122.75,0.1600,0.3964,0.2364,0.2164,0.2164,BUY_YES,price_target_gbm SOL atexpiry K=80 spot=74.18 (-7.3%vsK) sigma_h=0.0260 T=122.8h p_yes=0.396,SOL#atexpiry,0.50,"{""pct_vs_K"":-7.275,""sigma_h"":0.025966,""T_h"":122.7549,""log_ratio"":-0.075532}"
2026-06-29T13:14:40+00:00,PRICE_TARGET_GBM,2710455,Will the price of Solana be above $90 on July 4?,2026-07-04T16:00:00,122.75,0.0280,0.2508,0.2228,0.2028,0.2028,SKIP,price_target_gbm SOL atexpiry K=90 spot=74.18 (-17.6%vsK) sigma_h=0.0260 T=122.8h p_yes=0.251,SOL#atexpiry,0.50,"{""pct_vs_K"":-17.5778,""sigma_h"":0.025966,""T_h"":122.7549,""log_ratio"":-0.193315}"
2026-06-29T13:14:45+00:00,UPDOWN_GBM,2720274,"Solana Up or Down - June 29, 9:15AM-9:30AM ET",2026-06-29T13:30:00,0.25,0.4950,0.5016,0.0066,-0.0134,-0.0134,SKIP,updown_gbm SOL 15min ref=74.17 spot=74.17 (+0.00%) sigma_h=0.0330 T=0.25h p_up=0.502 mu_h=+0.0003,SOL#15min,0.50,"{""pct_spot_vs_ref"":0.0,""sigma_h"":0.033008,""T_h"":0.254,""hora_utc"":13,""drift_15min"":3.5913,""drift_60min"":0.135,""delta_ratio_macro"":0.138,""ibs_15"":0.7952}"
2026-06-29T13:14:45+00:00,UPDOWN_GBM,2720282,"Ethereum Up or Down - June 29, 9:15AM-9:30AM ET",2026-06-29T13:30:00,0.25,0.4950,0.4894,-0.0056,0.0144,0.0144,SKIP,updown_gbm ETH 15min ref=1585 spot=1585 (+0.00%) sigma_h=0.0153 T=0.25h p_up=0.489 mu_h=-0.0010,ETH#15min,0.50,"{""pct_spot_vs_ref"":0.0047,""sigma_h"":0.01531,""T_h"":0.254,""hora_utc"":13,""drift_15min"":3.0257,""drift_60min"":-0.4962,""delta_ratio_macro"":-0.1135,""ibs_15"":0.7134}"
2026-06-29T13:14:45+00:00,UPDOWN_GBM,2720275,"Bitcoin Up or Down - June 29, 9:15AM-9:30AM ET",2026-06-29T13:30:00,0.25,0.5050,0.5008,-0.0042,0.0158,0.0158,SKIP,updown_gbm BTC 15min ref=6.019e+04 spot=6.022e+04 (+0.04%) sigma_h=0.0120 T=0.25h p_up=0.501 mu_h=-0.0015,BTC#15min,1.16,"{""pct_spot_vs_ref"":0.0399,""sigma_h"":0.011958,""T_h"":0.254,""hora_utc"":13,""drift_15min"":2.3766,""drift_60min"":-0.761,""delta_ratio_macro"":0.2457,""ibs_15"":0.683}"
2026-06-29T13:16:27+00:00,PRICE_TARGET_GBM,2640247,Will the price of Solana be above $70 on June 29?,2026-06-29T16:00:00,2.73,0.9655,0.8414,-0.1241,-0.1041,-0.1041,SKIP,price_target_gbm SOL atexpiry K=70 spot=74.15 (+5.9%vsK) sigma_h=0.0349 T=2.7h p_yes=0.841,SOL#atexpiry,0.50,"{""pct_vs_K"":5.9286,""sigma_h"":0.034881,""T_h"":2.7252,""log_ratio"":0.057595}"
2026-06-29T13:16:27+00:00,PRICE_TARGET_GBM,2652597,Will the price of Solana be above $70 on June 30?,2026-06-30T16:00:00,26.73,0.9200,0.6293,-0.2907,-0.2707,-0.2707,SKIP,price_target_gbm SOL atexpiry K=70 spot=74.15 (+5.9%vsK) sigma_h=0.0338 T=26.7h p_yes=0.629,SOL#atexpiry,0.50,"{""pct_vs_K"":5.9286,""sigma_h"":0.033773,""T_h"":26.7252,""log_ratio"":0.057595}"
2026-06-29T13:16:27+00:00,PRICE_TARGET_GBM,2668551,Will the price of Solana be above $70 on July 1?,2026-07-01T16:00:00,50.73,0.8500,0.6118,-0.2382,-0.2182,0.2182,BUY_NO,price_target_gbm SOL atexpiry K=70 spot=74.15 (+5.9%vsK) sigma_h=0.0285 T=50.7h p_yes=0.612,SOL#atexpiry,0.50,"{""pct_vs_K"":5.9286,""sigma_h"":0.02847,""T_h"":50.7252,""log_ratio"":0.057595}"
2026-06-29T13:16:27+00:00,PRICE_TARGET_GBM,2668561,Will the price of Solana be above $110 on July 1?,2026-07-01T16:00:00,50.73,0.0160,0.0500,0.0340,0.0140,0.0140,SKIP,price_target_gbm SOL atexpiry K=110 spot=74.15 (-32.6%vsK) sigma_h=0.0285 T=50.7h p_yes=0.026,SOL#atexpiry,0.50,"{""pct_vs_K"":-32.5909,""sigma_h"":0.02847,""T_h"":50.7252,""log_ratio"":-0.39439}"
2026-06-29T13:16:27+00:00,PRICE_TARGET_GBM,2682430,"Will the price of Ethereum be above $1,100 on July 2?",2026-07-02T16:00:00,74.73,0.9895,0.9500,-0.0395,-0.0195,-0.0195,SKIP,price_target_gbm ETH atexpiry K=1100 spot=1584.9 (+44.1%vsK) sigma_h=0.0110 T=74.7h p_yes=1.000,ETH#atexpiry,0.50,"{""pct_vs_K"":44.0791,""sigma_h"":0.011026,""T_h"":74.7252,""log_ratio"":0.365192}"
2026-06-29T13:16:27+00:00,PRICE_TARGET_GBM,2682474,"Will the price of Ethereum be above $2,000 on July 2?",2026-07-02T16:00:00,74.73,0.0105,0.0500,0.0395,0.0195,0.0195,SKIP,price_target_gbm ETH atexpiry K=2000 spot=1584.9 (-20.8%vsK) sigma_h=0.0110 T=74.7h p_yes=0.007,ETH#atexpiry,0.50,"{""pct_vs_K"":-20.7565,""sigma_h"":0.011026,""T_h"":74.7252,""log_ratio"":-0.232645}"
2026-06-29T13:16:27+00:00,PRICE_TARGET_GBM,2682573,Will the price of Solana be above $30 on July 2?,2026-07-02T16:00:00,74.73,0.9835,0.9500,-0.0335,-0.0135,-0.0135,SKIP,price_target_gbm SOL atexpiry K=30 spot=74.15 (+147.2%vsK) sigma_h=0.0267 T=74.7h p_yes=1.000,SOL#atexpiry,0.50,"{""pct_vs_K"":147.1667,""sigma_h"":0.026735,""T_h"":74.7252,""log_ratio"":0.904893}"
2026-06-29T13:16:27+00:00,PRICE_TARGET_GBM,2682584,Will the price of Solana be above $70 on July 2?,2026-07-02T16:00:00,74.73,0.7950,0.5984,-0.1966,-0.1766,0.1766,BUY_NO,price_target_gbm SOL atexpiry K=70 spot=74.15 (+5.9%vsK) sigma_h=0.0267 T=74.7h p_yes=0.598,SOL#atexpiry,0.50,"{""pct_vs_K"":5.9286,""sigma_h"":0.026735,""T_h"":74.7252,""log_ratio"":0.057595}"
2026-06-29T13:16:27+00:00,PRICE_TARGET_GBM,2682587,Will the price of Solana be above $80 on July 2?,2026-07-02T16:00:00,74.73,0.1145,0.3712,0.2567,0.2367,0.2367,BUY_YES,price_target_gbm SOL atexpiry K=80 spot=74.15 (-7.3%vsK) sigma_h=0.0267 T=74.7h p_yes=0.371,SOL#atexpiry,0.50,"{""pct_vs_K"":-7.3125,""sigma_h"":0.026735,""T_h"":74.7252,""log_ratio"":-0.075937}"
2026-06-29T13:16:27+00:00,PRICE_TARGET_GBM,2694741,Will the price of Solana be above $30 on July 3?,2026-07-03T16:00:00,98.73,0.9850,0.9500,-0.0350,-0.0150,-0.0150,SKIP,price_target_gbm SOL atexpiry K=30 spot=74.15 (+147.2%vsK) sigma_h=0.0262 T=98.7h p_yes=1.000,SOL#atexpiry,0.50,"{""pct_vs_K"":147.1667,""sigma_h"":0.026246,""T_h"":98.7252,""log_ratio"":0.904893}"
2026-06-29T13:16:27+00:00,PRICE_TARGET_GBM,2694753,Will the price of Solana be above $70 on July 3?,2026-07-03T16:00:00,98.73,0.7500,0.5874,-0.1626,-0.1426,0.1426,BUY_NO,price_target_gbm SOL atexpiry K=70 spot=74.15 (+5.9%vsK) sigma_h=0.0262 T=98.7h p_yes=0.587,SOL#atexpiry,0.50,"{""pct_vs_K"":5.9286,""sigma_h"":0.026246,""T_h"":98.7252,""log_ratio"":0.057595}"
2026-06-29T13:16:27+00:00,PRICE_TARGET_GBM,2694764,Will the price of Solana be above $110 on July 3?,2026-07-03T16:00:00,98.73,0.0145,0.0652,0.0507,0.0307,0.0307,SKIP,price_target_gbm SOL atexpiry K=110 spot=74.15 (-32.6%vsK) sigma_h=0.0262 T=98.7h p_yes=0.065,SOL#atexpiry,0.50,"{""pct_vs_K"":-32.5909,""sigma_h"":0.026246,""T_h"":98.7252,""log_ratio"":-0.39439}"
2026-06-29T13:16:27+00:00,PRICE_TARGET_GBM,2710437,Will the price of Solana be above $30 on July 4?,2026-07-04T16:00:00,122.73,0.9805,0.9500,-0.0305,-0.0105,-0.0105,SKIP,price_target_gbm SOL atexpiry K=30 spot=74.15 (+147.2%vsK) sigma_h=0.0259 T=122.7h p_yes=0.999,SOL#atexpiry,0.50,"{""pct_vs_K"":147.1667,""sigma_h"":0.02586,""T_h"":122.7252,""log_ratio"":0.904893}"
2026-06-29T13:16:27+00:00,PRICE_TARGET_GBM,2710449,Will the price of Solana be above $70 on July 4?,2026-07-04T16:00:00,122.73,0.7400,0.5797,-0.1603,-0.1403,0.1403,BUY_NO,price_target_gbm SOL atexpiry K=70 spot=74.15 (+5.9%vsK) sigma_h=0.0259 T=122.7h p_yes=0.580,SOL#atexpiry,0.50,"{""pct_vs_K"":5.9286,""sigma_h"":0.02586,""T_h"":122.7252,""log_ratio"":0.057595}"
2026-06-29T13:16:27+00:00,PRICE_TARGET_GBM,2710461,Will the price of Solana be above $110 on July 4?,2026-07-04T16:00:00,122.73,0.0195,0.0843,0.0648,0.0448,0.0448,SKIP,price_target_gbm SOL atexpiry K=110 spot=74.15 (-32.6%vsK) sigma_h=0.0259 T=122.7h p_yes=0.084,SOL#atexpiry,0.50,"{""pct_vs_K"":-32.5909,""sigma_h"":0.02586,""T_h"":122.7252,""log_ratio"":-0.39439}"
2026-06-29T13:21:56+00:00,PRICE_TARGET_GBM,2668400,"Will the price of Ethereum be above $1,900 on July 1?",2026-07-01T16:00:00,50.63,0.0105,0.0500,0.0395,0.0195,0.0195,SKIP,price_target_gbm ETH atexpiry K=1900 spot=1583.5 (-16.7%vsK) sigma_h=0.0126 T=50.6h p_yes=0.021,ETH#atexpiry,0.50,"{""pct_vs_K"":-16.6595,""sigma_h"":0.012618,""T_h"":50.6338,""log_ratio"":-0.182235}"
2026-06-29T13:23:18+00:00,UPDOWN_GBM,2720303,"Solana Up or Down - June 29, 9:30AM-9:45AM ET",2026-06-29T13:45:00,0.36,0.4950,0.5010,0.0060,-0.0140,-0.0140,SKIP,updown_gbm SOL 15min ref=73.79 spot=73.79 (+0.00%) sigma_h=0.0338 T=0.36h p_up=0.501 mu_h=+0.0001,SOL#15min,0.50,"{""pct_spot_vs_ref"":0.0,""sigma_h"":0.033833,""T_h"":0.3614,""hora_utc"":13,""drift_15min"":0.1084,""drift_60min"":0.0678,""delta_ratio_macro"":0.1257,""ibs_15"":0.1111}"
2026-06-29T13:23:18+00:00,UPDOWN_GBM,2720310,"Ethereum Up or Down - June 29, 9:30AM-9:45AM ET",2026-06-29T13:45:00,0.36,0.4850,0.3887,-0.0963,-0.0763,0.0763,BUY_NO,updown_gbm ETH 15min ref=1583 spot=1580 (-0.22%) sigma_h=0.0158 T=0.36h p_up=0.389 mu_h=-0.0012,ETH#15min,0.50,"{""pct_spot_vs_ref"":-0.2248,""sigma_h"":0.015794,""T_h"":0.3614,""hora_utc"":13,""drift_15min"":0.8797,""drift_60min"":-0.5986,""delta_ratio_macro"":-0.1484,""ibs_15"":0.044}"
2026-06-29T13:23:18+00:00,UPDOWN_GBM,2720311,"Bitcoin Up or Down - June 29, 9:30AM-9:45AM ET",2026-06-29T13:45:00,0.36,0.4950,0.3701,-0.1249,-0.1049,0.1049,BUY_NO,updown_gbm BTC 15min ref=6.02e+04 spot=6.009e+04 (-0.19%) sigma_h=0.0124 T=0.36h p_up=0.370 mu_h=-0.0015,BTC#15min,0.61,"{""pct_spot_vs_ref"":-0.1921,""sigma_h"":0.012357,""T_h"":0.3614,""hora_utc"":13,""drift_15min"":1.081,""drift_60min"":-0.7483,""delta_ratio_macro"":0.3581,""ibs_15"":0.0451}"
2026-06-29T13:27:31+00:00,UPDOWN_GBM,2720307,"XRP Up or Down - June 29, 9:30AM-9:45AM ET",2026-06-29T13:45:00,0.29,0.5200,0.4883,-0.0317,-0.0117,-0.0117,SKIP,updown_gbm XRP 15min ref=1.056 spot=1.056 (+0.00%) sigma_h=0.0225 T=0.29h p_up=0.488 mu_h=-0.0012,XRP#15min,0.50,"{""pct_spot_vs_ref"":0.0,""sigma_h"":0.02247,""T_h"":0.2906,""hora_utc"":13,""drift_15min"":-1.6968,""drift_60min"":-0.6116,""delta_ratio_macro"":-0.0379,""ibs_15"":0.05}"
2026-06-29T13:32:49+00:00,PRICE_TARGET_GBM,2694706,"Will the price of Bitcoin be above $68,000 on July 3?",2026-07-03T16:00:00,98.45,0.0105,0.1436,0.1331,0.1131,0.1131,SKIP,price_target_gbm BTC atexpiry K=68000 spot=60149 (-11.5%vsK) sigma_h=0.0116 T=98.5h p_yes=0.144,BTC#atexpiry,0.50,"{""pct_vs_K"":-11.5451,""sigma_h"":0.011618,""T_h"":98.4522,""log_ratio"":-0.122678}"
2026-06-29T13:38:08+00:00,UPDOWN_GBM,2720675,"Ethereum Up or Down - June 29, 9:45AM-10:00AM ET",2026-06-29T14:00:00,0.36,0.5100,0.4004,-0.1096,-0.0896,0.0896,BUY_NO,updown_gbm ETH 15min ref=1578 spot=1574 (-0.20%) sigma_h=0.0160 T=0.36h p_up=0.400 mu_h=-0.0012,ETH#15min,0.50,"{""pct_spot_vs_ref"":-0.1994,""sigma_h"":0.016009,""T_h"":0.3642,""hora_utc"":13,""drift_15min"":-1.5068,""drift_60min"":-0.6068,""delta_ratio_macro"":-0.1157,""ibs_15"":0.2923}"
2026-06-29T13:38:08+00:00,UPDOWN_GBM,2720683,"Solana Up or Down - June 29, 9:45AM-10:00AM ET",2026-06-29T14:00:00,0.36,0.5050,0.4968,-0.0082,0.0118,0.0118,SKIP,updown_gbm SOL 15min ref=73.45 spot=73.45 (+0.00%) sigma_h=0.0352 T=0.36h p_up=0.497 mu_h=-0.0005,SOL#15min,0.50,"{""pct_spot_vs_ref"":0.0,""sigma_h"":0.035169,""T_h"":0.3642,""hora_utc"":13,""drift_15min"":-1.8431,""drift_60min"":-0.2309,""delta_ratio_macro"":-0.0008,""ibs_15"":0.2737}"
2026-06-29T13:43:31+00:00,UPDOWN_GBM,2720684,"XRP Up or Down - June 29, 9:45AM-10:00AM ET",2026-06-29T14:00:00,0.27,0.5200,0.4875,-0.0325,-0.0125,-0.0125,SKIP,updown_gbm XRP 15min ref=1.048 spot=1.048 (+0.00%) sigma_h=0.0228 T=0.27h p_up=0.488 mu_h=-0.0014,XRP#15min,0.50,"{""pct_spot_vs_ref"":0.0,""sigma_h"":0.022822,""T_h"":0.2741,""hora_utc"":13,""drift_15min"":-3.1043,""drift_60min"":-0.6821,""delta_ratio_macro"":-0.1066,""ibs_15"":0.0}"
2026-06-29T13:49:17+00:00,PRICE_TARGET_GBM,2721371,Will the price of Solana be above $50 on July 5?,2026-07-05T16:00:00,146.18,0.9805,0.8774,-0.1031,-0.0831,-0.0831,SKIP,price_target_gbm SOL atexpiry K=50 spot=73 (+46.0%vsK) sigma_h=0.0269 T=146.2h p_yes=0.877,SOL#atexpiry,0.50,"{""pct_vs_K"":46.0,""sigma_h"":0.026931,""T_h"":146.1779,""log_ratio"":0.378436}"
2026-06-29T13:49:17+00:00,PRICE_TARGET_GBM,2721375,Will the price of Solana be above $60 on July 5?,2026-07-05T16:00:00,146.18,0.9800,0.7265,-0.2535,-0.2335,-0.2335,SKIP,price_target_gbm SOL atexpiry K=60 spot=73 (+21.7%vsK) sigma_h=0.0269 T=146.2h p_yes=0.727,SOL#atexpiry,0.50,"{""pct_vs_K"":21.6667,""sigma_h"":0.026931,""T_h"":146.1779,""log_ratio"":0.196115}"
2026-06-29T13:49:17+00:00,PRICE_TARGET_GBM,2721386,Will the price of Solana be above $80 on July 5?,2026-07-05T16:00:00,146.18,0.1500,0.3893,0.2393,0.2193,0.2193,BUY_YES,price_target_gbm SOL atexpiry K=80 spot=73 (-8.8%vsK) sigma_h=0.0269 T=146.2h p_yes=0.389,SOL#atexpiry,0.50,"{""pct_vs_K"":-8.75,""sigma_h"":0.026931,""T_h"":146.1779,""log_ratio"":-0.091567}"
2026-06-29T13:49:17+00:00,PRICE_TARGET_GBM,2721391,Will the price of Solana be above $90 on July 5?,2026-07-05T16:00:00,146.18,0.0300,0.2601,0.2301,0.2101,0.2101,SKIP,price_target_gbm SOL atexpiry K=90 spot=73 (-18.9%vsK) sigma_h=0.0269 T=146.2h p_yes=0.260,SOL#atexpiry,0.50,"{""pct_vs_K"":-18.8889,""sigma_h"":0.026931,""T_h"":146.1779,""log_ratio"":-0.20935}"
2026-06-29T13:52:01+00:00,UPDOWN_GBM,2709655,"Bitcoin Up or Down - June 29, 10AM ET",2026-06-29T15:00:00,1.13,0.5250,0.5071,-0.0179,0.0021,0.0021,SKIP,updown_gbm BTC 60min ref=5.937e+04 spot=5.943e+04 (+0.09%) sigma_h=0.0218 T=1.13h p_up=0.507 mu_h=-0.0004,BTC#60min,1.36,"{""pct_spot_vs_ref"":0.0867,""sigma_h"":0.0218,""T_h"":1.1329,""hora_utc"":13,""drift_15min"":-3.8979,""drift_60min"":-0.8054,""delta_ratio_macro"":-0.1603,""ibs_15"":0.1988}"
2026-06-29T13:52:01+00:00,UPDOWN_GBM,2709656,"Ethereum Up or Down - June 29, 10AM ET",2026-06-29T15:00:00,1.13,0.5200,0.5483,0.0283,0.0083,0.0083,SKIP,updown_gbm ETH 60min ref=1565 spot=1569 (+0.27%) sigma_h=0.0181 T=1.13h p_up=0.548 mu_h=-0.0003,ETH#60min,0.83,"{""pct_spot_vs_ref"":0.2697,""sigma_h"":0.01809,""T_h"":1.1329,""hora_utc"":13,""drift_15min"":-3.2241,""drift_60min"":-0.6309,""delta_ratio_macro"":-0.1069,""ibs_15"":0.326}"
2026-06-29T13:53:30+00:00,UPDOWN_GBM,2720726,"Ethereum Up or Down - June 29, 10:00AM-10:15AM ET",2026-06-29T14:15:00,0.36,0.5250,0.5078,-0.0172,0.0028,0.0028,SKIP,updown_gbm ETH 15min ref=1572 spot=1573 (+0.01%) sigma_h=0.0153 T=0.36h p_up=0.508 mu_h=+0.0002,ETH#15min,0.50,"{""pct_spot_vs_ref"":0.0095,""sigma_h"":0.015267,""T_h"":0.3583,""hora_utc"":13,""drift_15min"":-0.1119,""drift_60min"":0.1165,""delta_ratio_macro"":-0.0922,""ibs_15"":0.7226}"
2026-06-29T13:53:30+00:00,UPDOWN_GBM,2720731,"Solana Up or Down - June 29, 10:00AM-10:15AM ET",2026-06-29T14:15:00,0.36,0.5150,0.5006,-0.0144,0.0056,0.0056,SKIP,updown_gbm SOL 15min ref=73.27 spot=73.27 (+0.00%) sigma_h=0.0350 T=0.36h p_up=0.501 mu_h=+0.0001,SOL#15min,0.50,"{""pct_spot_vs_ref"":0.0,""sigma_h"":0.035012,""T_h"":0.3583,""hora_utc"":13,""drift_15min"":-2.0638,""drift_60min"":0.041,""delta_ratio_macro"":-0.2372,""ibs_15"":0.6962}"
2026-06-29T13:55:03+00:00,PRICE_TARGET_GBM,2721356,Will the price of Solana be above $20 on July 5?,2026-07-05T16:00:00,146.08,0.9820,0.9500,-0.0320,-0.0120,-0.0120,SKIP,price_target_gbm SOL atexpiry K=20 spot=73.15 (+265.8%vsK) sigma_h=0.0270 T=146.1h p_yes=1.000,SOL#atexpiry,0.50,"{""pct_vs_K"":265.75,""sigma_h"":0.02699,""T_h"":146.0819,""log_ratio"":1.29678}"
2026-06-29T13:55:03+00:00,PRICE_TARGET_GBM,2721394,Will the price of Solana be above $100 on July 5?,2026-07-05T16:00:00,146.08,0.0195,0.1689,0.1494,0.1294,0.1294,SKIP,price_target_gbm SOL atexpiry K=100 spot=73.15 (-26.8%vsK) sigma_h=0.0270 T=146.1h p_yes=0.169,SOL#atexpiry,0.50,"{""pct_vs_K"":-26.85,""sigma_h"":0.02699,""T_h"":146.0819,""log_ratio"":-0.312658}"
2026-06-29T13:55:03+00:00,PRICE_TARGET_GBM,2721397,Will the price of Solana be above $110 on July 5?,2026-07-05T16:00:00,146.08,0.0195,0.1055,0.0860,0.0660,0.0660,SKIP,price_target_gbm SOL atexpiry K=110 spot=73.15 (-33.5%vsK) sigma_h=0.0270 T=146.1h p_yes=0.106,SOL#atexpiry,0.50,"{""pct_vs_K"":-33.5,""sigma_h"":0.02699,""T_h"":146.0819,""log_ratio"":-0.407968}"
2026-06-29T13:55:03+00:00,PRICE_TARGET_GBM,2721401,Will the price of Solana be above $120 on July 5?,2026-07-05T16:00:00,146.08,0.0195,0.0646,0.0451,0.0251,0.0251,SKIP,price_target_gbm SOL atexpiry K=120 spot=73.15 (-39.0%vsK) sigma_h=0.0270 T=146.1h p_yes=0.065,SOL#atexpiry,0.50,"{""pct_vs_K"":-39.0417,""sigma_h"":0.02699,""T_h"":146.0819,""log_ratio"":-0.49498}"
2026-06-29T14:00:49+00:00,PRICE_TARGET_GBM,2694676,"Will the price of Bitcoin be above $50,000 on July 3?",2026-07-03T16:00:00,97.99,0.9890,0.9232,-0.0658,-0.0458,-0.0458,SKIP,price_target_gbm BTC atexpiry K=50000 spot=59486 (+19.0%vsK) sigma_h=0.0123 T=98.0h p_yes=0.923,BTC#atexpiry,0.50,"{""pct_vs_K"":18.9718,""sigma_h"":0.012296,""T_h"":97.9858,""log_ratio"":0.173716}"
2026-06-29T14:00:49+00:00,PRICE_TARGET_GBM,2710349,"Will the price of Ethereum be above $2,100 on July 4?",2026-07-04T16:00:00,121.99,0.0115,0.0500,0.0385,0.0185,0.0185,SKIP,price_target_gbm ETH atexpiry K=2100 spot=1569.5 (-25.3%vsK) sigma_h=0.0114 T=122.0h p_yes=0.010,ETH#atexpiry,0.50,"{""pct_vs_K"":-25.2638,""sigma_h"":0.011399,""T_h"":121.9858,""log_ratio"":-0.291206}"
2026-06-29T14:00:49+00:00,PRICE_TARGET_GBM,2721256,"Will the price of Ethereum be above $1,100 on July 5?",2026-07-05T16:00:00,145.99,0.9895,0.9500,-0.0395,-0.0195,-0.0195,SKIP,price_target_gbm ETH atexpiry K=1100 spot=1569.5 (+42.7%vsK) sigma_h=0.0120 T=146.0h p_yes=0.993,ETH#atexpiry,0.50,"{""pct_vs_K"":42.6782,""sigma_h"":0.012008,""T_h"":145.9858,""log_ratio"":0.355421}"
2026-06-29T14:00:49+00:00,PRICE_TARGET_GBM,2721258,"Will the price of Ethereum be above $1,200 on July 5?",2026-07-05T16:00:00,145.99,0.9845,0.9500,-0.0345,-0.0145,-0.0145,SKIP,price_target_gbm ETH atexpiry K=1200 spot=1569.5 (+30.8%vsK) sigma_h=0.0120 T=146.0h p_yes=0.968,ETH#atexpiry,0.50,"{""pct_vs_K"":30.7883,""sigma_h"":0.012008,""T_h"":145.9858,""log_ratio"":0.26841}"
2026-06-29T14:00:49+00:00,PRICE_TARGET_GBM,2721260,"Will the price of Ethereum be above $1,300 on July 5?",2026-07-05T16:00:00,145.99,0.9810,0.9029,-0.0781,-0.0581,-0.0581,SKIP,price_target_gbm ETH atexpiry K=1300 spot=1569.5 (+20.7%vsK) sigma_h=0.0120 T=146.0h p_yes=0.903,ETH#atexpiry,0.50,"{""pct_vs_K"":20.7277,""sigma_h"":0.012008,""T_h"":145.9858,""log_ratio"":0.188367}"
2026-06-29T14:00:49+00:00,PRICE_TARGET_GBM,2721262,"Will the price of Ethereum be above $1,400 on July 5?",2026-07-05T16:00:00,145.99,0.9300,0.7845,-0.1455,-0.1255,-0.1255,SKIP,price_target_gbm ETH atexpiry K=1400 spot=1569.5 (+12.1%vsK) sigma_h=0.0120 T=146.0h p_yes=0.785,ETH#atexpiry,0.50,"{""pct_vs_K"":12.1043,""sigma_h"":0.012008,""T_h"":145.9858,""log_ratio"":0.114259}"
2026-06-29T14:00:49+00:00,PRICE_TARGET_GBM,2721265,"Will the price of Ethereum be above $1,500 on July 5?",2026-07-05T16:00:00,145.99,0.7350,0.6225,-0.1125,-0.0925,0.0925,BUY_NO,price_target_gbm ETH atexpiry K=1500 spot=1569.5 (+4.6%vsK) sigma_h=0.0120 T=146.0h p_yes=0.622,ETH#atexpiry,0.50,"{""pct_vs_K"":4.6307,""sigma_h"":0.012008,""T_h"":145.9858,""log_ratio"":0.045267}"
2026-06-29T14:00:49+00:00,PRICE_TARGET_GBM,2721266,"Will the price of Ethereum be above $1,600 on July 5?",2026-07-05T16:00:00,145.99,0.4000,0.4472,0.0472,0.0272,0.0272,BUY_YES,price_target_gbm ETH atexpiry K=1600 spot=1569.5 (-1.9%vsK) sigma_h=0.0120 T=146.0h p_yes=0.447,ETH#atexpiry,0.50,"{""pct_vs_K"":-1.9087,""sigma_h"":0.012008,""T_h"":145.9858,""log_ratio"":-0.019272}"
2026-06-29T14:00:49+00:00,PRICE_TARGET_GBM,2721269,"Will the price of Ethereum be above $1,700 on July 5?",2026-07-05T16:00:00,145.99,0.1250,0.2909,0.1659,0.1459,0.1459,BUY_YES,price_target_gbm ETH atexpiry K=1700 spot=1569.5 (-7.7%vsK) sigma_h=0.0120 T=146.0h p_yes=0.291,ETH#atexpiry,0.50,"{""pct_vs_K"":-7.6788,""sigma_h"":0.012008,""T_h"":145.9858,""log_ratio"":-0.079897}"
2026-06-29T14:00:49+00:00,PRICE_TARGET_GBM,2721272,"Will the price of Ethereum be above $1,800 on July 5?",2026-07-05T16:00:00,145.99,0.0330,0.1724,0.1394,0.1194,0.1194,SKIP,price_target_gbm ETH atexpiry K=1800 spot=1569.5 (-12.8%vsK) sigma_h=0.0120 T=146.0h p_yes=0.172,ETH#atexpiry,0.50,"{""pct_vs_K"":-12.8078,""sigma_h"":0.012008,""T_h"":145.9858,""log_ratio"":-0.137055}"
2026-06-29T14:00:49+00:00,PRICE_TARGET_GBM,2721274,"Will the price of Ethereum be above $1,900 on July 5?",2026-07-05T16:00:00,145.99,0.0210,0.0939,0.0729,0.0529,0.0529,SKIP,price_target_gbm ETH atexpiry K=1900 spot=1569.5 (-17.4%vsK) sigma_h=0.0120 T=146.0h p_yes=0.094,ETH#atexpiry,0.50,"{""pct_vs_K"":-17.3968,""sigma_h"":0.012008,""T_h"":145.9858,""log_ratio"":-0.191122}"
2026-06-29T14:00:49+00:00,PRICE_TARGET_GBM,2721276,"Will the price of Ethereum be above $2,000 on July 5?",2026-07-05T16:00:00,145.99,0.0195,0.0500,0.0305,0.0105,0.0105,SKIP,price_target_gbm ETH atexpiry K=2000 spot=1569.5 (-21.5%vsK) sigma_h=0.0120 T=146.0h p_yes=0.047,ETH#atexpiry,0.50,"{""pct_vs_K"":-21.527,""sigma_h"":0.012008,""T_h"":145.9858,""log_ratio"":-0.242416}"
2026-06-29T14:00:49+00:00,PRICE_TARGET_GBM,2721279,"Will the price of Ethereum be above $2,100 on July 5?",2026-07-05T16:00:00,145.99,0.0160,0.0500,0.0340,0.0140,0.0140,SKIP,price_target_gbm ETH atexpiry K=2100 spot=1569.5 (-25.3%vsK) sigma_h=0.0120 T=146.0h p_yes=0.022,ETH#atexpiry,0.50,"{""pct_vs_K"":-25.2638,""sigma_h"":0.012008,""T_h"":145.9858,""log_ratio"":-0.291206}"
2026-06-29T14:05:04+00:00,UPDOWN_GBM,2720722,"Bitcoin Up or Down - June 29, 10:00AM-10:15AM ET",2026-06-29T14:15:00,0.17,0.5350,0.4957,-0.0393,-0.0193,-0.0193,SKIP,updown_gbm BTC 15min ref=5.942e+04 spot=5.944e+04 (+0.02%) sigma_h=0.0153 T=0.17h p_up=0.496 mu_h=-0.0018,BTC#15min,1.16,"{""pct_spot_vs_ref"":0.0236,""sigma_h"":0.015309,""T_h"":0.1654,""hora_utc"":14,""drift_15min"":0.4253,""drift_60min"":-0.9179,""delta_ratio_macro"":-0.055,""ibs_15"":0.3209}"
2026-06-29T14:06:38+00:00,UPDOWN_GBM,2709657,"Solana Up or Down - June 29, 10AM ET",2026-06-29T15:00:00,0.89,0.4550,0.5631,0.1081,0.0881,0.0881,BUY_YES,updown_gbm SOL 60min ref=73.16 spot=73.59 (+0.59%) sigma_h=0.0382 T=0.89h p_up=0.563 mu_h=-0.0002,SOL#60min,0.50,"{""pct_spot_vs_ref"":0.5878,""sigma_h"":0.038199,""T_h"":0.8887,""hora_utc"":14,""drift_15min"":3.3434,""drift_60min"":-0.3251,""delta_ratio_macro"":-0.2237,""ibs_15"":0.5922}"
2026-06-29T14:08:35+00:00,UPDOWN_GBM,2720819,"Solana Up or Down - June 29, 10:15AM-10:30AM ET",2026-06-29T14:30:00,0.36,0.4950,0.4899,-0.0051,0.0149,0.0149,SKIP,updown_gbm SOL 15min ref=73.24 spot=73.24 (+0.00%) sigma_h=0.0337 T=0.36h p_up=0.490 mu_h=-0.0014,SOL#15min,0.50,"{""pct_spot_vs_ref"":0.0,""sigma_h"":0.033716,""T_h"":0.3563,""hora_utc"":14,""drift_15min"":0.2186,""drift_60min"":-0.7184,""delta_ratio_macro"":-0.2189,""ibs_15"":0.2143}"
2026-06-29T14:08:35+00:00,UPDOWN_GBM,2720823,"Ethereum Up or Down - June 29, 10:15AM-10:30AM ET",2026-06-29T14:30:00,0.36,0.5150,0.3737,-0.1413,-0.1213,0.1213,BUY_NO,updown_gbm ETH 15min ref=1568 spot=1563 (-0.29%) sigma_h=0.0180 T=0.36h p_up=0.374 mu_h=-0.0016,ETH#15min,0.67,"{""pct_spot_vs_ref"":-0.2906,""sigma_h"":0.018039,""T_h"":0.3563,""hora_utc"":14,""drift_15min"":-1.1995,""drift_60min"":-0.7816,""delta_ratio_macro"":-0.0979,""ibs_15"":0.1576}"
2026-06-29T14:14:27+00:00,PRICE_TARGET_GBM,2652512,"Will the price of Bitcoin be above $54,000 on June 30?",2026-06-30T16:00:00,25.76,0.9875,0.8116,-0.1759,-0.1559,-0.1559,SKIP,price_target_gbm BTC atexpiry K=54000 spot=59101 (+9.4%vsK) sigma_h=0.0201 T=25.8h p_yes=0.812,BTC#atexpiry,0.50,"{""pct_vs_K"":9.4469,""sigma_h"":0.020127,""T_h"":25.7584,""log_ratio"":0.09027}"
2026-06-29T14:14:27+00:00,UPDOWN_GBM,2720824,"XRP Up or Down - June 29, 10:15AM-10:30AM ET",2026-06-29T14:30:00,0.26,0.5200,0.4706,-0.0494,-0.0294,0.0294,BUY_NO,updown_gbm XRP 15min ref=1.043 spot=1.043 (+0.00%) sigma_h=0.0198 T=0.26h p_up=0.471 mu_h=-0.0029,XRP#15min,0.54,"{""pct_spot_vs_ref"":0.0,""sigma_h"":0.019782,""T_h"":0.2584,""hora_utc"":14,""drift_15min"":-2.705,""drift_60min"":-1.4367,""delta_ratio_macro"":0.1315,""ibs_15"":0.0333}"
2026-06-29T14:18:18+00:00,PRICE_TARGET_GBM,2640250,Will the price of Solana be above $80 on June 29?,2026-06-29T16:00:00,1.69,0.0125,0.0500,0.0375,0.0175,0.0175,SKIP,price_target_gbm SOL atexpiry K=80 spot=72.4 (-9.5%vsK) sigma_h=0.0318 T=1.7h p_yes=0.008,SOL#atexpiry,0.50,"{""pct_vs_K"":-9.5,""sigma_h"":0.031788,""T_h"":1.6944,""log_ratio"":-0.09982}"
2026-06-29T14:18:18+00:00,PRICE_TARGET_GBM,2721365,Will the price of Solana be above $40 on July 5?,2026-07-05T16:00:00,145.69,0.9845,0.9500,-0.0345,-0.0145,-0.0145,SKIP,price_target_gbm SOL atexpiry K=40 spot=72.4 (+81.0%vsK) sigma_h=0.0273 T=145.7h p_yes=0.964,SOL#atexpiry,0.50,"{""pct_vs_K"":81.0,""sigma_h"":0.027269,""T_h"":145.6944,""log_ratio"":0.593327}"
2026-06-29T14:18:18+00:00,PRICE_TARGET_GBM,2721378,Will the price of Solana be above $70 on July 5?,2026-07-05T16:00:00,145.69,0.6600,0.5408,-0.1192,-0.0992,0.0992,BUY_NO,price_target_gbm SOL atexpiry K=70 spot=72.4 (+3.4%vsK) sigma_h=0.0273 T=145.7h p_yes=0.541,SOL#atexpiry,0.50,"{""pct_vs_K"":3.4286,""sigma_h"":0.027269,""T_h"":145.6944,""log_ratio"":0.033711}"
2026-06-29T14:24:04+00:00,UPDOWN_GBM,2720855,"Solana Up or Down - June 29, 10:30AM-10:45AM ET",2026-06-29T14:45:00,0.35,0.5050,0.4768,-0.0282,-0.0082,-0.0082,SKIP,updown_gbm SOL 15min ref=72.73 spot=72.73 (+0.00%) sigma_h=0.0318 T=0.35h p_up=0.477 mu_h=-0.0031,SOL#15min,0.50,"{""pct_spot_vs_ref"":0.0,""sigma_h"":0.031777,""T_h"":0.3482,""hora_utc"":14,""drift_15min"":-2.514,""drift_60min"":-1.5699,""delta_ratio_macro"":-0.124,""ibs_15"":0.4409}"
2026-06-29T14:32:32+00:00,UPDOWN_GBM,2720857,"Bitcoin Up or Down - June 29, 10:30AM-10:45AM ET",2026-06-29T14:45:00,0.21,0.5050,0.4884,-0.0166,0.0034,0.0034,SKIP,updown_gbm BTC 15min ref=5.939e+04 spot=5.94e+04 (+0.02%) sigma_h=0.0177 T=0.21h p_up=0.488 mu_h=-0.0019,BTC#15min,1.16,"{""pct_spot_vs_ref"":0.0155,""sigma_h"":0.017655,""T_h"":0.2075,""hora_utc"":14,""drift_15min"":2.3065,""drift_60min"":-0.9375,""delta_ratio_macro"":-0.032,""ibs_15"":0.6808}"
2026-06-29T14:32:32+00:00,UPDOWN_GBM,2720859,"Ethereum Up or Down - June 29, 10:30AM-10:45AM ET",2026-06-29T14:45:00,0.21,0.5350,0.5311,-0.0039,0.0161,0.0161,SKIP,updown_gbm ETH 15min ref=1568 spot=1570 (+0.09%) sigma_h=0.0194 T=0.21h p_up=0.531 mu_h=-0.0009,ETH#15min,0.50,"{""pct_spot_vs_ref"":0.0886,""sigma_h"":0.019407,""T_h"":0.2075,""hora_utc"":14,""drift_15min"":2.169,""drift_60min"":-0.473,""delta_ratio_macro"":0.2388,""ibs_15"":0.7151}"
2026-06-29T14:38:19+00:00,UPDOWN_GBM,2721057,"Solana Up or Down - June 29, 10:45AM-11:00AM ET",2026-06-29T15:00:00,0.36,0.4950,0.5010,0.0060,-0.0140,-0.0140,SKIP,updown_gbm SOL 15min ref=73.47 spot=73.47 (+0.00%) sigma_h=0.0341 T=0.36h p_up=0.501 mu_h=+0.0001,SOL#15min,0.50,"{""pct_spot_vs_ref"":0.0,""sigma_h"":0.034143,""T_h"":0.3611,""hora_utc"":14,""drift_15min"":4.0698,""drift_60min"":0.0681,""delta_ratio_macro"":0.0202,""ibs_15"":0.8416}"
2026-06-29T14:40:13+00:00,UPDOWN_GBM,2721052,"Bitcoin Up or Down - June 29, 10:45AM-11:00AM ET",2026-06-29T15:00:00,0.33,0.5050,0.4945,-0.0105,0.0095,0.0095,SKIP,updown_gbm BTC 15min ref=5.944e+04 spot=5.947e+04 (+0.04%) sigma_h=0.0160 T=0.33h p_up=0.495 mu_h=-0.0017,BTC#15min,1.16,"{""pct_spot_vs_ref"":0.0442,""sigma_h"":0.015984,""T_h"":0.3295,""hora_utc"":14,""drift_15min"":2.2042,""drift_60min"":-0.8623,""delta_ratio_macro"":0.0041,""ibs_15"":0.3627}"
2026-06-29T14:41:25+00:00,UPDOWN_GBM,2721048,"Ethereum Up or Down - June 29, 10:45AM-11:00AM ET",2026-06-29T15:00:00,0.31,0.4950,0.5722,0.0772,0.0572,0.0572,BUY_YES,updown_gbm ETH 15min ref=1570 spot=1573 (+0.18%) sigma_h=0.0177 T=0.31h p_up=0.572 mu_h=+0.0001,ETH#15min,0.50,"{""pct_spot_vs_ref"":0.1767,""sigma_h"":0.017727,""T_h"":0.3091,""hora_utc"":14,""drift_15min"":1.8796,""drift_60min"":0.0465,""delta_ratio_macro"":0.3093,""ibs_15"":0.4425}"
2026-06-29T14:45:16+00:00,PRICE_TARGET_GBM,2682468,"Will the price of Ethereum be above $1,900 on July 2?",2026-07-02T16:00:00,73.24,0.0175,0.0500,0.0325,0.0125,0.0125,SKIP,price_target_gbm ETH atexpiry K=1900 spot=1567.5 (-17.5%vsK) sigma_h=0.0135 T=73.2h p_yes=0.048,ETH#atexpiry,0.50,"{""pct_vs_K"":-17.4979,""sigma_h"":0.01352,""T_h"":73.2449,""log_ratio"":-0.192346}"
2026-06-29T14:45:16+00:00,PRICE_TARGET_GBM,2682515,"Will the price of Bitcoin be above $50,000 on July 2?",2026-07-02T16:00:00,73.24,0.9895,0.9155,-0.0740,-0.0540,-0.0540,SKIP,price_target_gbm BTC atexpiry K=50000 spot=59310 (+18.6%vsK) sigma_h=0.0145 T=73.2h p_yes=0.915,BTC#atexpiry,0.50,"{""pct_vs_K"":18.62,""sigma_h"":0.014507,""T_h"":73.2449,""log_ratio"":0.170755}"
2026-06-29T14:52:59+00:00,UPDOWN_GBM,2710079,"Bitcoin Up or Down - June 29, 11AM ET",2026-06-29T16:00:00,1.12,0.5400,0.5289,-0.0111,0.0089,0.0089,SKIP,updown_gbm BTC 60min ref=5.935e+04 spot=5.943e+04 (+0.12%) sigma_h=0.0147 T=1.12h p_up=0.529 mu_h=-0.0001,BTC#60min,1.36,"{""pct_spot_vs_ref"":0.1249,""sigma_h"":0.014657,""T_h"":1.1162,""hora_utc"":14,""drift_15min"":-0.4238,""drift_60min"":-0.2235,""delta_ratio_macro"":-0.0543,""ibs_15"":0.4698}"
2026-06-29T14:53:23+00:00,UPDOWN_GBM,2721090,"Solana Up or Down - June 29, 11:00AM-11:15AM ET",2026-06-29T15:15:00,0.36,0.5050,0.5012,-0.0038,0.0162,0.0162,SKIP,updown_gbm SOL 15min ref=73.33 spot=73.33 (+0.00%) sigma_h=0.0321 T=0.36h p_up=0.501 mu_h=+0.0002,SOL#15min,0.50,"{""pct_spot_vs_ref"":0.0,""sigma_h"":0.032097,""T_h"":0.3601,""hora_utc"":14,""drift_15min"":0.6009,""drift_60min"":0.0819,""delta_ratio_macro"":0.0109,""ibs_15"":0.75}"
2026-06-29T14:58:46+00:00,UPDOWN_GBM,2721099,"Ethereum Up or Down - June 29, 11:00AM-11:15AM ET",2026-06-29T15:15:00,0.27,0.5100,0.4690,-0.0410,-0.0210,0.0210,BUY_NO,updown_gbm ETH 15min ref=1571 spot=1570 (-0.07%) sigma_h=0.0139 T=0.27h p_up=0.469 mu_h=+0.0007,ETH#15min,0.50,"{""pct_spot_vs_ref"":-0.0745,""sigma_h"":0.013901,""T_h"":0.2699,""hora_utc"":14,""drift_15min"":0.5582,""drift_60min"":0.3397,""delta_ratio_macro"":0.0182,""ibs_15"":0.4968}"
2026-06-29T14:59:09+00:00,UPDOWN_GBM,2721087,"Bitcoin Up or Down - June 29, 11:00AM-11:15AM ET",2026-06-29T15:15:00,0.26,0.5150,0.5113,-0.0037,0.0163,0.0163,SKIP,updown_gbm BTC 15min ref=5.939e+04 spot=5.94e+04 (+0.02%) sigma_h=0.0139 T=0.26h p_up=0.511 mu_h=+0.0001,BTC#15min,1.16,"{""pct_spot_vs_ref"":0.0177,""sigma_h"":0.013932,""T_h"":0.2639,""hora_utc"":14,""drift_15min"":0.6982,""drift_60min"":0.0501,""delta_ratio_macro"":-0.2162,""ibs_15"":0.4111}"
2026-06-29T15:06:30+00:00,UPDOWN_GBM,2710080,"Ethereum Up or Down - June 29, 11AM ET",2026-06-29T16:00:00,0.89,0.3650,0.4213,0.0563,0.0363,0.0363,BUY_YES,updown_gbm ETH 60min ref=1569 spot=1564 (-0.30%) sigma_h=0.0163 T=0.89h p_up=0.421 mu_h=-0.0000,ETH#60min,0.89,"{""pct_spot_vs_ref"":-0.3041,""sigma_h"":0.016337,""T_h"":0.8909,""hora_utc"":15,""drift_15min"":-0.3596,""drift_60min"":-0.0338,""delta_ratio_macro"":-0.0261,""ibs_15"":0.0245}"
2026-06-29T15:08:48+00:00,UPDOWN_GBM,2721137,"Solana Up or Down - June 29, 11:15AM-11:30AM ET",2026-06-29T15:30:00,0.35,0.4950,0.4935,-0.0015,0.0185,0.0185,SKIP,updown_gbm SOL 15min ref=73.04 spot=73.04 (+0.00%) sigma_h=0.0346 T=0.35h p_up=0.493 mu_h=-0.0010,SOL#15min,0.50,"{""pct_spot_vs_ref"":0.0,""sigma_h"":0.034642,""T_h"":0.3533,""hora_utc"":15,""drift_15min"":-0.3283,""drift_60min"":-0.4769,""delta_ratio_macro"":-0.0953,""ibs_15"":0.215}"
2026-06-29T15:08:48+00:00,UPDOWN_GBM,2721138,"Ethereum Up or Down - June 29, 11:15AM-11:30AM ET",2026-06-29T15:30:00,0.35,0.5050,0.5977,0.0927,0.0727,0.0727,BUY_YES,updown_gbm ETH 15min ref=1563 spot=1566 (+0.21%) sigma_h=0.0141 T=0.35h p_up=0.598 mu_h=+0.0001,ETH#15min,0.50,"{""pct_spot_vs_ref"":0.2051,""sigma_h"":0.014113,""T_h"":0.3533,""hora_utc"":15,""drift_15min"":-1.6125,""drift_60min"":0.0368,""delta_ratio_macro"":0.1013,""ibs_15"":0.2408}"
2026-06-29T15:19:56+00:00,UPDOWN_GBM,2721136,"Bitcoin Up or Down - June 29, 11:15AM-11:30AM ET",2026-06-29T15:30:00,0.17,0.6650,0.8402,0.1752,0.1552,0.1552,BUY_YES,updown_gbm BTC 15min ref=5.909e+04 spot=5.937e+04 (+0.48%) sigma_h=0.0121 T=0.17h p_up=0.840 mu_h=+0.0007,BTC#15min,0.50,"{""pct_spot_vs_ref"":0.4821,""sigma_h"":0.01211,""T_h"":0.1671,""hora_utc"":15,""drift_15min"":0.5787,""drift_60min"":0.3516,""delta_ratio_macro"":-0.2463,""ibs_15"":0.9136}"
2026-06-29T15:19:56+00:00,PRICE_TARGET_GBM,2721291,"Will the price of Bitcoin be above $52,000 on July 5?",2026-07-05T16:00:00,144.67,0.9600,0.8249,-0.1351,-0.1151,-0.1151,SKIP,price_target_gbm BTC atexpiry K=52000 spot=59374 (+14.2%vsK) sigma_h=0.0118 T=144.7h p_yes=0.825,BTC#atexpiry,0.50,"{""pct_vs_K"":14.1805,""sigma_h"":0.011801,""T_h"":144.6671,""log_ratio"":0.13261}"
2026-06-29T15:19:56+00:00,PRICE_TARGET_GBM,2721293,"Will the price of Bitcoin be above $54,000 on July 5?",2026-07-05T16:00:00,144.67,0.9250,0.7481,-0.1769,-0.1569,-0.1569,SKIP,price_target_gbm BTC atexpiry K=54000 spot=59374 (+10.0%vsK) sigma_h=0.0118 T=144.7h p_yes=0.748,BTC#atexpiry,0.50,"{""pct_vs_K"":9.9516,""sigma_h"":0.011801,""T_h"":144.6671,""log_ratio"":0.09487}"
2026-06-29T15:19:56+00:00,PRICE_TARGET_GBM,2721300,"Will the price of Bitcoin be above $56,000 on July 5?",2026-07-05T16:00:00,144.67,0.8300,0.6599,-0.1701,-0.1501,0.1501,BUY_NO,price_target_gbm BTC atexpiry K=56000 spot=59374 (+6.0%vsK) sigma_h=0.0118 T=144.7h p_yes=0.660,BTC#atexpiry,0.65,"{""pct_vs_K"":6.0248,""sigma_h"":0.011801,""T_h"":144.6671,""log_ratio"":0.058502}"
2026-06-29T15:19:56+00:00,PRICE_TARGET_GBM,2721305,"Will the price of Bitcoin be above $58,000 on July 5?",2026-07-05T16:00:00,144.67,0.6700,0.5655,-0.1045,-0.0845,0.0845,BUY_NO,price_target_gbm BTC atexpiry K=58000 spot=59374 (+2.4%vsK) sigma_h=0.0118 T=144.7h p_yes=0.566,BTC#atexpiry,0.65,"{""pct_vs_K"":2.3687,""sigma_h"":0.011801,""T_h"":144.6671,""log_ratio"":0.023411}"
2026-06-29T15:19:56+00:00,PRICE_TARGET_GBM,2721308,"Will the price of Bitcoin be above $60,000 on July 5?",2026-07-05T16:00:00,144.67,0.4400,0.4705,0.0305,0.0105,0.0105,SKIP,price_target_gbm BTC atexpiry K=60000 spot=59374 (-1.0%vsK) sigma_h=0.0118 T=144.7h p_yes=0.471,BTC#atexpiry,0.50,"{""pct_vs_K"":-1.0436,""sigma_h"":0.011801,""T_h"":144.6671,""log_ratio"":-0.010491}"
2026-06-29T15:19:56+00:00,PRICE_TARGET_GBM,2721312,"Will the price of Bitcoin be above $62,000 on July 5?",2026-07-05T16:00:00,144.67,0.2200,0.3802,0.1602,0.1402,0.1402,BUY_YES,price_target_gbm BTC atexpiry K=62000 spot=59374 (-4.2%vsK) sigma_h=0.0118 T=144.7h p_yes=0.380,BTC#atexpiry,0.50,"{""pct_vs_K"":-4.2357,""sigma_h"":0.011801,""T_h"":144.6671,""log_ratio"":-0.04328}"
2026-06-29T15:19:56+00:00,PRICE_TARGET_GBM,2721317,"Will the price of Bitcoin be above $64,000 on July 5?",2026-07-05T16:00:00,144.67,0.0850,0.2985,0.2135,0.1935,0.1935,SKIP,price_target_gbm BTC atexpiry K=64000 spot=59374 (-7.2%vsK) sigma_h=0.0118 T=144.7h p_yes=0.299,BTC#atexpiry,0.50,"{""pct_vs_K"":-7.2283,""sigma_h"":0.011801,""T_h"":144.6671,""log_ratio"":-0.075029}"
2026-06-29T15:19:56+00:00,PRICE_TARGET_GBM,2721320,"Will the price of Bitcoin be above $66,000 on July 5?",2026-07-05T16:00:00,144.67,0.0295,0.2280,0.1985,0.1785,0.1785,SKIP,price_target_gbm BTC atexpiry K=66000 spot=59374 (-10.0%vsK) sigma_h=0.0118 T=144.7h p_yes=0.228,BTC#atexpiry,0.50,"{""pct_vs_K"":-10.0396,""sigma_h"":0.011801,""T_h"":144.6671,""log_ratio"":-0.105801}"
2026-06-29T15:19:56+00:00,PRICE_TARGET_GBM,2721326,"Will the price of Bitcoin be above $68,000 on July 5?",2026-07-05T16:00:00,144.67,0.0195,0.1696,0.1501,0.1301,0.1301,SKIP,price_target_gbm BTC atexpiry K=68000 spot=59374 (-12.7%vsK) sigma_h=0.0118 T=144.7h p_yes=0.170,BTC#atexpiry,0.50,"{""pct_vs_K"":-12.6855,""sigma_h"":0.011801,""T_h"":144.6671,""log_ratio"":-0.135654}"
2026-06-29T15:23:48+00:00,UPDOWN_GBM,2721166,"Bitcoin Up or Down - June 29, 11:30AM-11:45AM ET",2026-06-29T15:45:00,0.35,0.5150,0.4540,-0.0610,-0.0410,0.0410,BUY_NO,updown_gbm BTC 15min ref=5.925e+04 spot=5.919e+04 (-0.11%) sigma_h=0.0122 T=0.35h p_up=0.454 mu_h=+0.0008,BTC#15min,0.83,"{""pct_spot_vs_ref"":-0.1114,""sigma_h"":0.012198,""T_h"":0.3525,""hora_utc"":15,""drift_15min"":1.0916,""drift_60min"":0.3947,""delta_ratio_macro"":-0.2469,""ibs_15"":0.3009}"
2026-06-29T15:23:48+00:00,UPDOWN_GBM,2721167,"Ethereum Up or Down - June 29, 11:30AM-11:45AM ET",2026-06-29T15:45:00,0.35,0.5050,0.4768,-0.0282,-0.0082,-0.0082,SKIP,updown_gbm ETH 15min ref=1566 spot=1565 (-0.07%) sigma_h=0.0118 T=0.35h p_up=0.477 mu_h=+0.0008,ETH#15min,0.50,"{""pct_spot_vs_ref"":-0.0699,""sigma_h"":0.011843,""T_h"":0.3525,""hora_utc"":15,""drift_15min"":0.8498,""drift_60min"":0.411,""delta_ratio_macro"":-0.0692,""ibs_15"":0.3699}"
2026-06-29T15:29:36+00:00,UPDOWN_GBM,2721158,"XRP Up or Down - June 29, 11:30AM-11:45AM ET",2026-06-29T15:45:00,0.26,0.5200,0.5019,-0.0181,0.0019,0.0019,SKIP,updown_gbm XRP 15min ref=1.046 spot=1.046 (+0.00%) sigma_h=0.0223 T=0.26h p_up=0.502 mu_h=+0.0002,XRP#15min,0.50,"{""pct_spot_vs_ref"":0.0,""sigma_h"":0.022266,""T_h"":0.256,""hora_utc"":15,""drift_15min"":2.0365,""drift_60min"":0.1052,""delta_ratio_macro"":-0.2595,""ibs_15"":0.9767}"
2026-06-29T15:31:31+00:00,PRICE_TARGET_GBM,2682435,"Will the price of Ethereum be above $1,300 on July 2?",2026-07-02T16:00:00,72.47,0.9855,0.9463,-0.0392,-0.0192,-0.0192,SKIP,price_target_gbm ETH atexpiry K=1300 spot=1574.4 (+21.1%vsK) sigma_h=0.0140 T=72.5h p_yes=0.946,ETH#atexpiry,0.50,"{""pct_vs_K"":21.1092,""sigma_h"":0.013972,""T_h"":72.4742,""log_ratio"":0.191523}"
2026-06-29T15:31:31+00:00,UPDOWN_GBM,2721156,"Solana Up or Down - June 29, 11:30AM-11:45AM ET",2026-06-29T15:45:00,0.22,0.7550,0.6031,-0.1519,-0.1319,0.1319,BUY_NO,updown_gbm SOL 15min ref=73.94 spot=74.22 (+0.38%) sigma_h=0.0353 T=0.22h p_up=0.603 mu_h=+0.0026,SOL#15min,0.50,"{""pct_spot_vs_ref"":0.3787,""sigma_h"":0.035281,""T_h"":0.2242,""hora_utc"":15,""drift_15min"":4.4457,""drift_60min"":1.3048,""delta_ratio_macro"":-0.0618,""ibs_15"":0.9118}"
2026-06-29T15:38:04+00:00,UPDOWN_GBM,2721234,"Bitcoin Up or Down - June 29, 11:45AM-12:00PM ET",2026-06-29T16:00:00,0.37,0.5050,0.6596,0.1546,0.1346,0.1346,BUY_YES,updown_gbm BTC 15min ref=5.966e+04 spot=5.981e+04 (+0.25%) sigma_h=0.0111 T=0.37h p_up=0.660 mu_h=+0.0008,BTC#15min,0.50,"{""pct_spot_vs_ref"":0.2463,""sigma_h"":0.011119,""T_h"":0.3654,""hora_utc"":15,""drift_15min"":3.2142,""drift_60min"":0.4173,""delta_ratio_macro"":0.0029,""ibs_15"":0.9481}"
2026-06-29T15:38:04+00:00,UPDOWN_GBM,2721245,"Ethereum Up or Down - June 29, 11:45AM-12:00PM ET",2026-06-29T16:00:00,0.37,0.5050,0.6285,0.1235,0.1035,0.1035,BUY_YES,updown_gbm ETH 15min ref=1577 spot=1580 (+0.21%) sigma_h=0.0119 T=0.37h p_up=0.629 mu_h=+0.0008,ETH#15min,0.50,"{""pct_spot_vs_ref"":0.2054,""sigma_h"":0.011867,""T_h"":0.3654,""hora_utc"":15,""drift_15min"":3.198,""drift_60min"":0.4113,""delta_ratio_macro"":0.1737,""ibs_15"":0.9744}"
2026-06-29T15:45:48+00:00,UPDOWN_GBM,2721240,"Solana Up or Down - June 29, 11:45AM-12:00PM ET",2026-06-29T16:00:00,0.24,0.4950,0.4874,-0.0076,0.0124,0.0124,SKIP,updown_gbm SOL 15min ref=74.01 spot=73.93 (-0.11%) sigma_h=0.0364 T=0.24h p_up=0.487 mu_h=+0.0022,SOL#15min,0.50,"{""pct_spot_vs_ref"":-0.1081,""sigma_h"":0.036408,""T_h"":0.2364,""hora_utc"":15,""drift_15min"":2.012,""drift_60min"":1.1078,""delta_ratio_macro"":0.0422,""ibs_15"":0.2308}"
2026-06-29T15:46:59+00:00,UPDOWN_GBM,2721243,"XRP Up or Down - June 29, 11:45AM-12:00PM ET",2026-06-29T16:00:00,0.22,0.4800,0.4542,-0.0258,-0.0058,-0.0058,SKIP,updown_gbm XRP 15min ref=1.051 spot=1.049 (-0.15%) sigma_h=0.0251 T=0.22h p_up=0.454 mu_h=+0.0008,XRP#15min,0.50,"{""pct_spot_vs_ref"":-0.1523,""sigma_h"":0.025096,""T_h"":0.2162,""hora_utc"":15,""drift_15min"":1.9923,""drift_60min"":0.4211,""delta_ratio_macro"":-0.0539,""ibs_15"":0.5345}"
2026-06-29T15:50:50+00:00,PRICE_TARGET_GBM,2721329,"Will the price of Bitcoin be above $70,000 on July 5?",2026-07-05T16:00:00,144.15,0.0145,0.1387,0.1242,0.1042,0.1042,SKIP,price_target_gbm BTC atexpiry K=70000 spot=59954 (-14.4%vsK) sigma_h=0.0119 T=144.2h p_yes=0.139,BTC#atexpiry,0.50,"{""pct_vs_K"":-14.3514,""sigma_h"":0.011879,""T_h"":144.1522,""log_ratio"":-0.154918}"
2026-06-29T15:52:45+00:00,UPDOWN_GBM,2710340,"Ethereum Up or Down - June 29, 12PM ET",2026-06-29T17:00:00,1.12,0.5000,0.5331,0.0331,0.0131,0.0131,SKIP,updown_gbm ETH 60min ref=1575 spot=1577 (+0.10%) sigma_h=0.0144 T=1.12h p_up=0.533 mu_h=+0.0002,ETH#60min,1.00,"{""pct_spot_vs_ref"":0.1035,""sigma_h"":0.014443,""T_h"":1.12,""hora_utc"":15,""drift_15min"":-0.5275,""drift_60min"":0.4217,""delta_ratio_macro"":0.2038,""ibs_15"":0.081}"
2026-06-29T15:53:11+00:00,UPDOWN_GBM,2710313,"Bitcoin Up or Down - June 29, 12PM ET",2026-06-29T17:00:00,1.11,0.5350,0.5591,0.0241,0.0041,0.0041,SKIP,updown_gbm BTC 60min ref=5.98e+04 spot=5.99e+04 (+0.16%) sigma_h=0.0132 T=1.11h p_up=0.559 mu_h=+0.0004,BTC#60min,1.36,"{""pct_spot_vs_ref"":0.1648,""sigma_h"":0.013205,""T_h"":1.1134,""hora_utc"":15,""drift_15min"":0.7603,""drift_60min"":0.7629,""delta_ratio_macro"":0.0658,""ibs_15"":0.7904}"
2026-06-29T15:53:11+00:00,UPDOWN_GBM,2721782,"Ethereum Up or Down - June 29, 12:00PM-12:15PM ET",2026-06-29T16:15:00,0.36,0.4850,0.6334,0.1484,0.1284,0.1284,BUY_YES,updown_gbm ETH 15min ref=1575 spot=1578 (+0.19%) sigma_h=0.0107 T=0.36h p_up=0.633 mu_h=+0.0008,ETH#15min,0.50,"{""pct_spot_vs_ref"":0.1886,""sigma_h"":0.010658,""T_h"":0.3634,""hora_utc"":15,""drift_15min"":-0.5604,""drift_60min"":0.4217,""delta_ratio_macro"":0.2102,""ibs_15"":0.3251}"
2026-06-29T16:00:30+00:00,UPDOWN_GBM,2721790,"Solana Up or Down - June 29, 12:00PM-12:15PM ET",2026-06-29T16:15:00,0.24,0.4950,0.4953,0.0003,-0.0197,-0.0197,SKIP,updown_gbm SOL 15min ref=73.86 spot=73.84 (-0.03%) sigma_h=0.0313 T=0.24h p_up=0.495 mu_h=+0.0004,SOL#15min,0.50,"{""pct_spot_vs_ref"":-0.0271,""sigma_h"":0.031309,""T_h"":0.2409,""hora_utc"":16,""drift_15min"":-0.7845,""drift_60min"":0.1833,""delta_ratio_macro"":0.052,""ibs_15"":0.122}"
2026-06-29T16:04:24+00:00,UPDOWN_GBM,2710365,"Solana Up or Down - June 29, 12PM ET",2026-06-29T17:00:00,0.93,0.4650,0.4963,0.0313,0.0113,0.0113,SKIP,updown_gbm SOL 60min ref=73.86 spot=73.81 (-0.07%) sigma_h=0.0329 T=0.93h p_up=0.496 mu_h=+0.0004,SOL#60min,0.50,"{""pct_spot_vs_ref"":-0.0677,""sigma_h"":0.032903,""T_h"":0.926,""hora_utc"":16,""drift_15min"":-0.7033,""drift_60min"":0.8333,""delta_ratio_macro"":0.0555,""ibs_15"":0.0488}"
2026-06-29T16:14:25+00:00,UPDOWN_GBM,2721824,"XRP Up or Down - June 29, 12:15PM-12:30PM ET",2026-06-29T16:30:00,0.26,0.5100,0.5085,-0.0015,0.0185,0.0185,SKIP,updown_gbm XRP 15min ref=1.048 spot=1.048 (+0.00%) sigma_h=0.0225 T=0.26h p_up=0.508 mu_h=+0.0009,XRP#15min,0.50,"{""pct_spot_vs_ref"":0.0,""sigma_h"":0.022498,""T_h"":0.2595,""hora_utc"":16,""drift_15min"":-0.572,""drift_60min"":0.47,""delta_ratio_macro"":-0.0711,""ibs_15"":0.0976}"
